community,size,help_given,top_member
0,775,2576,Erwan
1,667,1857,Robert Long
2,601,1769,noe
3,484,1244,Oxbowerce
4,470,1234,Nicolas Martin
5,451,1422,Nikos M.
6,419,1463,Dave
7,356,1107,Ben Reiniger
8,351,927,spectre
9,347,887,Brian Spiering
10,271,573,picky_porpoise
11,252,669,lpounng
12,225,599,10xAI
13,223,520,Peter
14,214,485,Jayaram Iyer
15,206,436,brewmaster321
16,204,471,Darren Cook
17,197,474,Multivac
18,194,528,user2974951
19,173,429,Wehl Berker
20,172,399,Craig
21,153,383,Broele
22,128,284,Abhishek Verma
23,126,230,zachdj
24,122,264,David Masip
25,117,301,German C M
26,114,267,Constantinos
27,94,170,Pluviophile
28,94,163,Sean Owen
29,80,122,bogovicj
30,74,195,hH1sG0n3
31,70,143,Just trying
32,66,126,Kriti
33,36,72,eliangius
34,9,9,vijolica
35,5,4,Leland McInnes
36,5,4,huaiqiang sun
37,5,6,NiklasvMoers
38,5,5,y-prudent
39,5,4,Rocío H
40,4,3,Ella
41,4,3,Mattma
42,3,2,John Scott Stensland
43,3,2,Cam.Davidson.Pilon
44,3,2,Bolaka
45,3,2,sAguinaga
46,3,3,Danny Varod
47,3,4,Gijs
48,3,4,1110101001
49,3,2,xboard
50,3,3,Toby
51,3,2,neanderslob
52,3,2,Jonathan Rayner
53,3,2,saeedeh sadeghi
54,3,2,Niels Prieto Bejar
55,3,2,Helder
56,3,2,Han Lim
57,3,3,Marcus
58,3,2,user117848
59,3,2,Sameera89 Talafha
60,3,2,Niklas Riewald
61,3,2,Dhana D.
62,3,2,钟楚夫
63,3,2,lsm_datsci
64,3,2,Eugene Puninskiy
65,3,2,Felidsche
66,3,3,Maurice Schleußinger
67,3,2,Jay Bell
68,3,2,Doğukan Yılmaz
69,3,3,John
70,3,2,FishingBehindTheNet
71,3,2,user176372
72,3,2,king juno
73,3,2,meh
74,3,2,lexan55
75,3,2,fuad021
76,3,2,El Houcine Es-sanhaji
77,3,2,Nyra Miller
78,3,3,ABizz
79,3,2,NNZ
80,3,3,Alessio Calvagno
81,3,9,Graham Pulford
82,3,2,Eamonn
83,2,4,Gregor Thomas
84,2,1,UeliDeSchwert
85,2,1,mommi84
86,2,1,GK89
87,2,1,Anton Rasmussen
88,2,1,Emre Sevinç
89,2,1,user67275
90,2,1,Dominik Filipiak
91,2,1,Andrea Ianni
92,2,1,DaL
93,2,1,Amazon Dies In Darkness
94,2,1,Pankaj Sharma
95,2,1,pseudomonas
96,2,1,Sandeep S. Sandhu
97,2,1,Manik Tharaka
98,2,1,Ernest S Kirubakaran
99,2,1,hazrmard
100,2,1,Christian König
101,2,1,jonathanking
102,2,1,Alaa M.
103,2,1,abhinavkulkarni
104,2,2,Ben
105,2,1,Liad Magen
106,2,1,Seyed Farzam Mirmoeini
107,2,1,joydeep bhattacharjee
108,2,1,Björn
109,2,1,Borhan Kazimipour
110,2,3,GrozaiL
111,2,1,Nicolaesse
112,2,1,Nadav Carmel
113,2,1,Danny
114,2,1,Innat
115,2,1,Hezi Shahmoon
116,2,1,Dawn
117,2,1,1tan Wang
118,2,1,Nandesh
119,2,2,Wojciech Artichowicz
120,2,1,ViggoTW
121,2,1,Kartik Aggarwal
122,2,1,user3825890
123,2,2,Ananay Mital
124,2,1,Nikos H.
125,2,1,shrikanth singh
126,2,1,Stefano Fiorucci - anakin87
127,2,1,Alex Punnen
128,2,1,Maverick Meerkat
129,2,1,kyriakosSt
130,2,1,Always Right Never Left
131,2,1,nzBoan
132,2,4,Vikas Bhandary
133,2,1,Trenton McKinney
134,2,1,havakok
135,2,1,merve
136,2,1,Vijay Maurya
137,2,1,Amit be
138,2,1,John
139,2,1,Aritra Roy gosthipaty
140,2,1,Alex Ott
141,2,1,aftowmar
142,2,1,kern
143,2,1,Stephen Wight
144,2,1,jthomas
145,2,1,dl.meteo
146,2,1,Nimrod Ets
147,2,1,sisifo s
148,2,1,Sandra Peters
149,2,1,Brad Dwyer
150,2,1,tschomacker
151,2,1,ML85
152,2,1,koralgooll
153,2,1,arne
154,2,1,Davied Zuhraph
155,2,1,krishan singh
156,2,1,Cuca
157,2,1,CodeuseDuDimanche
158,2,3,Cristian Balint
159,2,1,Gabriel Blanco
160,2,3,Zeel B Patel
161,2,1,Mostafa Mahmoud
162,2,1,soysal
163,2,2,WizardOfRobots
164,2,1,Y Timen
165,2,1,Tanner Phillips
166,2,1,Ray Bell
167,2,1,Nikonation
168,2,1,viniciusrf1992
169,2,1,xsite
170,2,1,Oussama Ouardini
171,2,2,Dimitris Paraschakis
172,2,1,Astyx
173,2,1,qriouscat
174,2,1,Pragya Choudhary
175,2,1,Michael Berk
176,2,1,Pierre
177,2,1,Aleysia
178,2,2,patagonicus
179,2,2,Abhishek Prajapat
180,2,1,Jujuba
181,2,1,Yash Sandansing
182,2,1,Asim Dev
183,2,1,ammirante
184,2,2,zr0gravity7
185,2,1,hdubois
186,2,1,Thoufeer K K
187,2,4,Dan
188,2,1,koch_kir
189,2,1,James Melville
190,2,1,Yinhao
191,2,2,Lutz Lehmann
192,2,1,Rima
193,2,1,Brooke Jackson
194,2,1,osipenks
195,2,1,ablanch5
196,2,1,Ildar
197,2,2, Annis99
198,2,1,Bruce
199,2,1,MarcusRB
200,2,2,Thomas MICHEL
201,2,1,Ishrak
202,2,1,Chin Han Lu
203,2,1,Stefan Österberg
204,2,1,DerivativesTamer
205,2,1,Friend2093
206,2,1,Andy the fool
207,2,1,pjama
208,2,1,Nick
209,2,2,Mohamed Abdelaziz
210,2,1,Atul Mishra
211,2,1,Shreyas Prasad
212,2,1,ShinyDemon
213,2,1,Matt S
214,2,1,Eléa Petton
215,2,1,aarunbhardwaj
216,2,1,B McMinn
217,2,1,Aravind R
218,2,1,Alverciito
219,2,1,rubelrennfix
220,2,1,Rancho Xia
221,2,1,Justin Langley
222,2,1,Skywalker
223,2,1,Sebastian R.
224,2,1,Sebastian_P
225,2,1,Loony_D
226,2,1,Kunj Mehta
227,2,1,sdocio
228,2,1,Deffo
229,2,1,anonymous
230,2,1,Monica
231,2,1,Yiding
232,2,1,Prithiviraj V
233,2,1,Anne
234,2,1,Todd Morrill
235,2,1,Michael Bewin
236,2,1,Pranav Kairon
237,2,1,Warkaz
238,2,1,Zhengxiao Du
239,2,1,Adrian B
240,2,1,James Ashford
241,2,1,Jordan Arnold
242,2,1,Vasiliy Molochkov
243,2,1,intStdu
244,2,1,yann halrd
245,2,1,dimfalk
246,2,1,Hefe
247,2,1,SuleymanSelim
248,2,1,Ahmed Hekal
249,2,2,db_max
250,2,2,HES
251,2,1,m-jeu
252,2,1,Levon Ware
253,2,1,Arancium
254,2,1,Mukilan Krishnakumar
255,2,1,openloop
256,2,1,Tanzir Pial
257,2,1,user143612
258,2,1,Davide
259,2,1,Anıl Özlü
260,2,4,Bhargav
261,2,1,user144308
262,2,1,Naman Vyas
263,2,1,user200340
264,2,1,Ali Yeşilkanat
265,2,4,Robert Melikyan
266,2,3,cherrywoods
267,2,1,DataScientistExpert
268,2,1,rstz
269,2,1,Amdj3dax
270,2,1,bushytop
271,2,1,David
272,2,1,Aidan Wade
273,2,1,Sola Cong Mou
274,2,1,zard
275,2,1,128
276,2,1,Tommy Andy
277,2,1,BenjaminLi
278,2,1,Anandaprabhu
279,2,1,hanna
280,2,1,thansen0
281,2,1,Arkadeepto Majumder
282,2,2,Armi_Raz
283,2,1,Фёдор Курушин
284,2,1,Junming Zheng
285,2,1,xym
286,2,1,Robert Rapplean
287,2,1,adrianCFR
288,2,1,Vodis
289,2,1,Yong Lee
290,2,1,Halis Yılboğa
291,2,1,CapoMargot
292,2,1,Eamonn Keogh
293,2,1,user155133
294,2,1,Mr. KT
295,2,1,Corne van Zyl
296,2,1,Nauel
297,2,1,Terrence
298,2,1,Robert Mansel Gower
299,2,1,vr3C
300,2,1,Peter
301,2,1,Dave Berenbaum
302,2,1,Artem Tartakovskiy
303,2,1,Hieu Tran Ngoc Minh
304,2,1,program1232123
305,2,1,MathToad
306,2,1,Arjee
307,2,1,Maya
308,2,1,rytis
309,2,1,Yann
310,2,1,sread
311,2,1,ronjay s
312,2,1,4A4a
313,2,1,Praneeth
314,2,1,Leon Armbruster
315,2,2,Guest
316,2,1,Parlance
317,2,1,RaZieRSarE
318,2,1,Jayden
319,2,1,MachineLearning Enthusiast
320,2,1,Strandtomt
321,2,1,Jay Gupta
322,2,1,Kirt Undercoffer
323,2,1,guillemonth
324,2,1,Pedro Castilho
325,2,1,DanCar
326,2,1,Daveonwave
327,2,1,Suyash
328,2,1,Jaime Sanders
329,2,1,Ramandeep Singh
330,2,1,user169668
331,2,1,Eamonn
332,2,1,Aref Sayareh
333,2,1,RandomUser
334,2,1,Thomas Evers
335,2,1,Nguyen Dao
336,2,1,Artem Goryushin
337,2,1,M. M.
338,2,1,Cherprang
339,2,1,Keith Rogers
340,2,2,hopeless.cantor
341,2,1,Mireia Gómez
342,2,1,Amarjeet
343,2,1,Davide Giraudo
344,2,2,LowpolyOllie
345,2,1,Amit Mistry
346,2,1,iCloud
