topic_a,topic_b,shared_helpers
0,1,167
0,2,179
0,3,200
0,4,142
0,5,152
0,6,114
0,7,123
0,8,153
0,9,127
0,10,116
0,11,103
0,12,88
0,13,84
0,14,41
0,15,81
0,16,67
0,17,79
0,18,30
1,2,110
1,3,106
1,4,91
1,5,101
1,6,86
1,7,79
1,8,107
1,9,67
1,10,71
1,11,62
1,12,60
1,13,59
1,14,27
1,15,47
1,16,49
1,17,53
1,18,28
2,3,122
2,4,108
2,5,109
2,6,87
2,7,91
2,8,107
2,9,89
2,10,84
2,11,73
2,12,67
2,13,67
2,14,35
2,15,59
2,16,52
2,17,57
2,18,24
3,4,101
3,5,111
3,6,98
3,7,87
3,8,119
3,9,95
3,10,92
3,11,79
3,12,67
3,13,73
3,14,32
3,15,64
3,16,55
3,17,71
3,18,24
4,5,91
4,6,68
4,7,76
4,8,80
4,9,60
4,10,63
4,11,61
4,12,51
4,13,59
4,14,27
4,15,42
4,16,43
4,17,46
4,18,21
5,6,80
5,7,83
5,8,86
5,9,72
5,10,74
5,11,71
5,12,58
5,13,58
5,14,35
5,15,50
5,16,42
5,17,50
5,18,22
6,7,62
6,8,85
6,9,67
6,10,73
6,11,65
6,12,52
6,13,54
6,14,25
6,15,50
6,16,38
6,17,52
6,18,26
7,8,72
7,9,60
7,10,61
7,11,65
7,12,51
7,13,53
7,14,26
7,15,41
7,16,40
7,17,41
7,18,20
8,9,84
8,10,75
8,11,75
8,12,58
8,13,65
8,14,30
8,15,58
8,16,50
8,17,52
8,18,23
9,10,66
9,11,59
9,12,51
9,13,54
9,14,22
9,15,57
9,16,42
9,17,49
9,18,17
10,11,56
10,12,47
10,13,54
10,14,23
10,15,45
10,16,39
10,17,46
10,18,21
11,12,49
11,13,43
11,14,19
11,15,40
11,16,36
11,17,43
11,18,14
12,13,40
12,14,14
12,15,37
12,16,28
12,17,37
12,18,16
13,14,25
13,15,38
13,16,35
13,17,43
13,18,15
14,15,22
14,16,20
14,17,19
14,18,13
15,16,33
15,17,38
15,18,20
16,17,27
16,18,15
17,18,14
