topic,top_words,category,category_purity,label,npmi,n_questions,pct_unanswered,pct_accepted,median_hours_to_answer,avg_confusion,avg_sentiment,pct_with_error,avg_views,difficulty_index
0,"validation, accuracy, training, test, class, loss, train, epoch, dataset, cross validation",Classical ML & Modelling,0.443,validation / accuracy / training,0.20406390726566315,2059,37.591,27.975,5.849,0.26,0.292,15.444,678.319,-0.173
1,"word, sentence, embedding, token, bert, document, nlp, language, attention, transformer",Natural Language Processing,0.759,word / sentence / embedding,0.26371040642261506,1562,38.348,31.05,8.88,0.193,0.441,5.25,771.061,-0.237
3,"series, day, predict, forecasting, forecast, year, month, customer, anomaly, series data",Time Series & Sequences,0.525,series / day / predict,0.2531735599040985,1189,47.855,19.176,12.918,0.41,0.473,7.569,331.006,1.52
2,"gradient, loss, network, weight, layer, neural, neural network, theta, activation, linear",Deep Learning,0.536,gradient / loss / network,0.26080310344696045,1103,38.531,33.273,6.776,0.294,0.256,10.879,624.617,0.125
4,"image, cnn, object, convolution, layer, segmentation, pixel, box, detection, convolutional",Computer Vision,0.684,image / cnn / object,0.21868368983268738,867,46.251,26.644,9.647,0.223,0.396,5.882,533.648,0.314
5,"gpu, science, data science, machine, learning, machine learning, cuda, python, tensorflow, memory",Classical ML & Modelling,0.316,gpu / science / data science,0.15308602154254913,769,40.052,24.187,8.65,0.192,0.431,10.403,740.849,-0.182
7,"shape, valueerror, array, tensor, numpy, none, input, keras, numpy array, dtype",Deep Learning,0.314,shape / valueerror / array,0.2855265140533447,605,42.314,30.909,4.214,0.301,0.013,65.455,1617.802,0.066
8,"categorical, encoding, hot, label, category, hot encoding, variable, column, feature, classification",Classical ML & Modelling,0.621,categorical / encoding / hot,0.228628009557724,587,36.286,24.532,4.611,0.16,0.414,6.133,682.91,-0.875
6,"cluster, clustering, distance, pca, point, matrix, mean, algorithm, clustering algorithm, group",Classical ML & Modelling,0.691,cluster / clustering / distance,0.20023490488529205,537,42.086,22.533,10.13,0.188,0.447,4.283,588.382,-0.019
10,"feature, correlation, importance, feature importance, variable, coefficient, correlated, selection, feature selection, shap",Classical ML & Modelling,0.78,feature / correlation / importance,0.25516703724861145,432,37.731,26.389,7.611,0.161,0.516,3.241,531.956,-0.519
11,"column, dataframe, pandas, row, data frame, name, frame, csv, pandas dataframe, df2",Data Wrangling & Tools,0.81,column / dataframe / pandas,0.30382245779037476,378,29.894,38.36,2.87,0.236,0.507,14.286,1221.101,-1.012
9,"outlier, scaling, transformation, scale, normalization, scaler, distribution, standardscaler, standard, standardization",Classical ML & Modelling,0.483,outlier / scaling / transformation,0.2641267776489258,342,28.947,32.456,5.514,0.242,0.442,8.772,866.713,-0.682
12,"plot, chart, axis, visualize, visualization, matplotlib, tableau, bar, seaborn, legend",Data Wrangling & Tools,0.69,plot / chart / axis,0.2797929223212931,335,36.119,34.03,7.567,0.279,0.443,9.552,1057.388,0.007
13,"tree, decision tree, decision, forest, random forest, random, xgboost, node, leaf, split",Classical ML & Modelling,0.883,tree / decision tree / decision,0.32891160249710083,316,33.861,29.43,8.631,0.254,0.444,8.861,532.079,-0.144
14,"action, reward, agent, reinforcement, reinforcement learning, state, policy, game, environment, learning",Reinforcement Learning,0.676,action / reward / agent,0.4446699023246765,215,49.767,26.977,22.016,0.234,0.526,6.977,436.595,1.036
16,"user, system, recommendation, item, recommender, recommender system, rating, movie, recommendation system, product",Classical ML & Modelling,0.562,user / system / recommendation,0.43935367465019226,205,47.805,18.049,8.871,0.188,0.599,3.415,347.737,0.154
17,"rmse, mae, metric, squared, mse, regression, regression model, linear, odds, mean",Classical ML & Modelling,0.724,rmse / mae / metric,0.16750508134977685,198,30.303,28.283,5.942,0.212,0.368,27.273,547.379,-0.732
15,"missing, imputation, missing data, null, impute, missing missing, column, imputing, fill, nan",Classical ML & Modelling,0.427,missing / imputation / missing data,0.38138681650161743,195,37.436,25.641,5.06,0.329,0.394,10.769,550.462,0.091
18,"graph, node, edge, gnn, task, graph neural, network, node embedding, link, dependency",Deep Learning,0.321,graph / node / edge,0.2767393137431807,99,58.586,17.172,32.372,0.153,0.354,3.03,404.121,1.263
