period,topic,n_questions,share
2019Q2,0,22,0.1981981981981982
2019Q2,1,19,0.17117117117117117
2019Q2,3,11,0.0990990990990991
2019Q2,4,9,0.08108108108108109
2019Q2,5,5,0.04504504504504504
2019Q2,6,16,0.14414414414414414
2019Q2,9,2,0.018018018018018018
2019Q2,11,7,0.06306306306306306
2019Q2,12,7,0.06306306306306306
2019Q2,13,3,0.02702702702702703
2019Q2,14,1,0.009009009009009009
2019Q2,15,3,0.02702702702702703
2019Q2,16,2,0.018018018018018018
2019Q2,17,4,0.036036036036036036
2019Q3,0,37,0.13909774436090225
2019Q3,1,48,0.18045112781954886
2019Q3,2,2,0.007518796992481203
2019Q3,3,36,0.13533834586466165
2019Q3,4,12,0.045112781954887216
2019Q3,5,5,0.018796992481203006
2019Q3,6,27,0.10150375939849623
2019Q3,8,4,0.015037593984962405
2019Q3,9,16,0.06015037593984962
2019Q3,11,35,0.13157894736842105
2019Q3,12,14,0.05263157894736842
2019Q3,13,8,0.03007518796992481
2019Q3,14,6,0.022556390977443608
2019Q3,15,1,0.0037593984962406013
2019Q3,16,3,0.011278195488721804
2019Q3,17,11,0.041353383458646614
2019Q3,18,1,0.0037593984962406013
2019Q4,0,28,0.14893617021276595
2019Q4,1,34,0.18085106382978725
2019Q4,2,2,0.010638297872340425
2019Q4,3,21,0.11170212765957446
2019Q4,4,10,0.05319148936170213
2019Q4,5,8,0.0425531914893617
2019Q4,6,13,0.06914893617021277
2019Q4,7,1,0.005319148936170213
2019Q4,8,1,0.005319148936170213
2019Q4,9,7,0.03723404255319149
2019Q4,10,1,0.005319148936170213
2019Q4,11,25,0.13297872340425532
2019Q4,12,12,0.06382978723404255
2019Q4,13,3,0.015957446808510637
2019Q4,14,4,0.02127659574468085
2019Q4,15,3,0.015957446808510637
2019Q4,16,6,0.031914893617021274
2019Q4,17,8,0.0425531914893617
2019Q4,18,1,0.005319148936170213
2020Q1,0,33,0.11870503597122302
2020Q1,1,34,0.1223021582733813
2020Q1,2,34,0.1223021582733813
2020Q1,3,19,0.0683453237410072
2020Q1,4,18,0.06474820143884892
2020Q1,5,17,0.06115107913669065
2020Q1,6,7,0.025179856115107913
2020Q1,7,34,0.1223021582733813
2020Q1,8,20,0.07194244604316546
2020Q1,9,9,0.03237410071942446
2020Q1,10,14,0.050359712230215826
2020Q1,11,2,0.007194244604316547
2020Q1,12,4,0.014388489208633094
2020Q1,13,3,0.01079136690647482
2020Q1,14,4,0.014388489208633094
2020Q1,15,11,0.039568345323741004
2020Q1,16,7,0.025179856115107913
2020Q1,17,3,0.01079136690647482
2020Q1,18,5,0.017985611510791366
2020Q2,0,101,0.13950276243093923
2020Q2,1,117,0.16160220994475138
2020Q2,2,84,0.11602209944751381
2020Q2,3,65,0.08977900552486189
2020Q2,4,76,0.10497237569060773
2020Q2,5,42,0.058011049723756904
2020Q2,6,13,0.017955801104972375
2020Q2,7,46,0.06353591160220995
2020Q2,8,29,0.04005524861878453
2020Q2,9,20,0.027624309392265192
2020Q2,10,25,0.034530386740331494
2020Q2,11,1,0.0013812154696132596
2020Q2,12,9,0.012430939226519336
2020Q2,13,16,0.022099447513812154
2020Q2,14,16,0.022099447513812154
2020Q2,15,13,0.017955801104972375
2020Q2,16,21,0.029005524861878452
2020Q2,17,15,0.020718232044198894
2020Q2,18,15,0.020718232044198894
2020Q3,0,52,0.12322274881516587
2020Q3,1,63,0.14928909952606634
2020Q3,2,43,0.1018957345971564
2020Q3,3,28,0.06635071090047394
2020Q3,4,48,0.11374407582938388
2020Q3,5,26,0.061611374407582936
2020Q3,6,30,0.07109004739336493
2020Q3,7,22,0.052132701421800945
2020Q3,8,27,0.06398104265402843
2020Q3,9,17,0.04028436018957346
2020Q3,10,13,0.030805687203791468
2020Q3,11,1,0.002369668246445498
2020Q3,12,3,0.0071090047393364926
2020Q3,13,9,0.02132701421800948
2020Q3,14,10,0.023696682464454975
2020Q3,15,9,0.02132701421800948
2020Q3,16,4,0.009478672985781991
2020Q3,17,15,0.035545023696682464
2020Q3,18,2,0.004739336492890996
2020Q4,0,28,0.0975609756097561
2020Q4,1,39,0.13588850174216027
2020Q4,2,23,0.08013937282229965
2020Q4,3,41,0.14285714285714285
2020Q4,4,17,0.059233449477351915
2020Q4,5,21,0.07317073170731707
2020Q4,6,12,0.041811846689895474
2020Q4,7,14,0.04878048780487805
2020Q4,8,12,0.041811846689895474
2020Q4,9,14,0.04878048780487805
2020Q4,10,9,0.0313588850174216
2020Q4,12,4,0.013937282229965157
2020Q4,13,10,0.03484320557491289
2020Q4,14,11,0.03832752613240418
2020Q4,15,2,0.006968641114982578
2020Q4,16,6,0.020905923344947737
2020Q4,17,12,0.041811846689895474
2020Q4,18,12,0.041811846689895474
2021Q1,0,49,0.20851063829787234
2021Q1,1,22,0.09361702127659574
2021Q1,2,18,0.07659574468085106
2021Q1,3,18,0.07659574468085106
2021Q1,4,17,0.07234042553191489
2021Q1,5,11,0.04680851063829787
2021Q1,6,11,0.04680851063829787
2021Q1,7,13,0.05531914893617021
2021Q1,8,13,0.05531914893617021
2021Q1,9,12,0.05106382978723404
2021Q1,10,5,0.02127659574468085
2021Q1,11,2,0.00851063829787234
2021Q1,12,7,0.029787234042553193
2021Q1,13,4,0.01702127659574468
2021Q1,14,10,0.0425531914893617
2021Q1,15,2,0.00851063829787234
2021Q1,16,6,0.02553191489361702
2021Q1,17,8,0.03404255319148936
2021Q1,18,7,0.029787234042553193
2021Q2,0,18,0.10404624277456648
2021Q2,1,23,0.1329479768786127
2021Q2,2,22,0.12716763005780346
2021Q2,3,8,0.046242774566473986
2021Q2,4,18,0.10404624277456648
2021Q2,5,8,0.046242774566473986
2021Q2,6,14,0.08092485549132948
2021Q2,7,9,0.05202312138728324
2021Q2,8,12,0.06936416184971098
2021Q2,9,11,0.06358381502890173
2021Q2,10,6,0.03468208092485549
2021Q2,12,1,0.005780346820809248
2021Q2,13,6,0.03468208092485549
2021Q2,14,4,0.023121387283236993
2021Q2,15,1,0.005780346820809248
2021Q2,16,3,0.017341040462427744
2021Q2,17,7,0.04046242774566474
2021Q2,18,2,0.011560693641618497
2021Q3,0,28,0.2222222222222222
2021Q3,1,12,0.09523809523809523
2021Q3,2,8,0.06349206349206349
2021Q3,3,12,0.09523809523809523
2021Q3,4,6,0.047619047619047616
2021Q3,5,11,0.0873015873015873
2021Q3,6,12,0.09523809523809523
2021Q3,7,8,0.06349206349206349
2021Q3,8,5,0.03968253968253968
2021Q3,9,8,0.06349206349206349
2021Q3,10,3,0.023809523809523808
2021Q3,12,3,0.023809523809523808
2021Q3,13,1,0.007936507936507936
2021Q3,14,2,0.015873015873015872
2021Q3,15,1,0.007936507936507936
2021Q3,16,2,0.015873015873015872
2021Q3,17,2,0.015873015873015872
2021Q3,18,2,0.015873015873015872
2021Q4,0,21,0.17796610169491525
2021Q4,1,20,0.1694915254237288
2021Q4,2,6,0.05084745762711865
2021Q4,3,8,0.06779661016949153
2021Q4,4,4,0.03389830508474576
2021Q4,5,6,0.05084745762711865
2021Q4,6,6,0.05084745762711865
2021Q4,7,6,0.05084745762711865
2021Q4,8,7,0.059322033898305086
2021Q4,9,6,0.05084745762711865
2021Q4,10,3,0.025423728813559324
2021Q4,12,4,0.03389830508474576
2021Q4,13,3,0.025423728813559324
2021Q4,14,7,0.059322033898305086
2021Q4,15,4,0.03389830508474576
2021Q4,16,1,0.00847457627118644
2021Q4,17,6,0.05084745762711865
2022Q1,0,21,0.21
2022Q1,1,11,0.11
2022Q1,2,5,0.05
2022Q1,3,15,0.15
2022Q1,4,5,0.05
2022Q1,5,8,0.08
2022Q1,6,4,0.04
2022Q1,7,8,0.08
2022Q1,8,4,0.04
2022Q1,9,2,0.02
2022Q1,10,1,0.01
2022Q1,11,1,0.01
2022Q1,12,1,0.01
2022Q1,13,2,0.02
2022Q1,14,3,0.03
2022Q1,15,1,0.01
2022Q1,16,1,0.01
2022Q1,17,4,0.04
2022Q1,18,3,0.03
2022Q2,0,24,0.3076923076923077
2022Q2,1,9,0.11538461538461539
2022Q2,2,8,0.10256410256410256
2022Q2,3,12,0.15384615384615385
2022Q2,4,3,0.038461538461538464
2022Q2,5,3,0.038461538461538464
2022Q2,7,4,0.05128205128205128
2022Q2,8,2,0.02564102564102564
2022Q2,9,1,0.01282051282051282
2022Q2,10,1,0.01282051282051282
2022Q2,11,1,0.01282051282051282
2022Q2,12,1,0.01282051282051282
2022Q2,14,6,0.07692307692307693
2022Q2,17,3,0.038461538461538464
2022Q3,0,30,0.2631578947368421
2022Q3,1,15,0.13157894736842105
2022Q3,2,8,0.07017543859649122
2022Q3,3,9,0.07894736842105263
2022Q3,4,8,0.07017543859649122
2022Q3,5,3,0.02631578947368421
2022Q3,6,8,0.07017543859649122
2022Q3,7,9,0.07894736842105263
2022Q3,8,4,0.03508771929824561
2022Q3,9,2,0.017543859649122806
2022Q3,10,3,0.02631578947368421
2022Q3,11,2,0.017543859649122806
2022Q3,12,1,0.008771929824561403
2022Q3,13,4,0.03508771929824561
2022Q3,14,3,0.02631578947368421
2022Q3,15,1,0.008771929824561403
2022Q3,17,1,0.008771929824561403
2022Q3,18,3,0.02631578947368421
2022Q4,0,33,0.2619047619047619
2022Q4,1,19,0.15079365079365079
2022Q4,2,7,0.05555555555555555
2022Q4,3,8,0.06349206349206349
2022Q4,4,10,0.07936507936507936
2022Q4,5,4,0.031746031746031744
2022Q4,6,8,0.06349206349206349
2022Q4,7,4,0.031746031746031744
2022Q4,8,4,0.031746031746031744
2022Q4,9,14,0.1111111111111111
2022Q4,10,2,0.015873015873015872
2022Q4,11,1,0.007936507936507936
2022Q4,12,3,0.023809523809523808
2022Q4,13,2,0.015873015873015872
2022Q4,14,1,0.007936507936507936
2022Q4,16,1,0.007936507936507936
2022Q4,17,3,0.023809523809523808
2022Q4,18,2,0.015873015873015872
2023Q1,0,37,0.3162393162393162
2023Q1,1,20,0.17094017094017094
2023Q1,2,6,0.05128205128205128
2023Q1,3,5,0.042735042735042736
2023Q1,4,7,0.05982905982905983
2023Q1,5,6,0.05128205128205128
2023Q1,6,2,0.017094017094017096
2023Q1,7,4,0.03418803418803419
2023Q1,8,3,0.02564102564102564
2023Q1,9,10,0.08547008547008547
2023Q1,10,2,0.017094017094017096
2023Q1,12,2,0.017094017094017096
2023Q1,13,5,0.042735042735042736
2023Q1,14,3,0.02564102564102564
2023Q1,15,1,0.008547008547008548
2023Q1,17,1,0.008547008547008548
2023Q1,18,3,0.02564102564102564
2023Q2,0,19,0.2261904761904762
2023Q2,1,13,0.15476190476190477
2023Q2,2,4,0.047619047619047616
2023Q2,3,2,0.023809523809523808
2023Q2,4,9,0.10714285714285714
2023Q2,5,10,0.11904761904761904
2023Q2,6,6,0.07142857142857142
2023Q2,9,4,0.047619047619047616
2023Q2,14,12,0.14285714285714285
2023Q2,16,1,0.011904761904761904
2023Q2,17,2,0.023809523809523808
2023Q2,18,2,0.023809523809523808
2023Q3,0,44,0.4888888888888889
2023Q3,1,6,0.06666666666666667
2023Q3,2,4,0.044444444444444446
2023Q3,4,6,0.06666666666666667
2023Q3,5,7,0.07777777777777778
2023Q3,6,7,0.07777777777777778
2023Q3,7,1,0.011111111111111112
2023Q3,8,3,0.03333333333333333
2023Q3,9,3,0.03333333333333333
2023Q3,10,1,0.011111111111111112
2023Q3,11,1,0.011111111111111112
2023Q3,12,1,0.011111111111111112
2023Q3,14,2,0.022222222222222223
2023Q3,15,1,0.011111111111111112
2023Q3,18,3,0.03333333333333333
2023Q4,0,35,0.35353535353535354
2023Q4,1,9,0.09090909090909091
2023Q4,2,5,0.050505050505050504
2023Q4,3,3,0.030303030303030304
2023Q4,4,2,0.020202020202020204
2023Q4,5,8,0.08080808080808081
2023Q4,6,12,0.12121212121212122
2023Q4,7,3,0.030303030303030304
2023Q4,8,1,0.010101010101010102
2023Q4,9,8,0.08080808080808081
2023Q4,13,1,0.010101010101010102
2023Q4,14,4,0.04040404040404041
2023Q4,15,2,0.020202020202020204
2023Q4,16,3,0.030303030303030304
2023Q4,17,3,0.030303030303030304
2024Q1,0,26,0.325
2024Q1,1,8,0.1
2024Q1,2,2,0.025
2024Q1,3,6,0.075
2024Q1,4,2,0.025
2024Q1,5,8,0.1
2024Q1,6,7,0.0875
2024Q1,7,1,0.0125
2024Q1,8,5,0.0625
2024Q1,9,6,0.075
2024Q1,10,1,0.0125
2024Q1,14,3,0.0375
2024Q1,17,4,0.05
2024Q1,18,1,0.0125
2024Q2,0,18,0.42857142857142855
2024Q2,1,5,0.11904761904761904
2024Q2,2,5,0.11904761904761904
2024Q2,3,4,0.09523809523809523
2024Q2,4,1,0.023809523809523808
2024Q2,5,4,0.09523809523809523
2024Q2,6,1,0.023809523809523808
2024Q2,13,1,0.023809523809523808
2024Q2,16,2,0.047619047619047616
2024Q2,18,1,0.023809523809523808
2024Q3,0,14,0.4117647058823529
2024Q3,1,4,0.11764705882352941
2024Q3,2,1,0.029411764705882353
2024Q3,3,2,0.058823529411764705
2024Q3,5,4,0.11764705882352941
2024Q3,6,2,0.058823529411764705
2024Q3,7,2,0.058823529411764705
2024Q3,8,2,0.058823529411764705
2024Q3,9,3,0.08823529411764706
2024Q4,0,7,0.3888888888888889
2024Q4,2,2,0.1111111111111111
2024Q4,3,1,0.05555555555555555
2024Q4,5,1,0.05555555555555555
2024Q4,6,1,0.05555555555555555
2024Q4,8,1,0.05555555555555555
2024Q4,9,1,0.05555555555555555
2024Q4,15,1,0.05555555555555555
2024Q4,16,1,0.05555555555555555
2024Q4,18,2,0.1111111111111111
2025Q1,0,7,0.7
2025Q1,1,1,0.1
2025Q1,2,1,0.1
2025Q1,5,1,0.1
2025Q2,0,8,0.8888888888888888
2025Q2,4,1,0.1111111111111111
2025Q3,0,7,0.7777777777777778
2025Q3,6,1,0.1111111111111111
2025Q3,8,1,0.1111111111111111
2025Q4,0,3,0.5
2025Q4,1,2,0.3333333333333333
2025Q4,4,1,0.16666666666666666
2026Q1,0,2,0.3333333333333333
2026Q1,5,2,0.3333333333333333
2026Q1,8,1,0.16666666666666666
2026Q1,9,1,0.16666666666666666
2026Q2,0,2,0.6666666666666666
2026Q2,2,1,0.3333333333333333
2026Q3,0,4,0.5714285714285714
2026Q3,5,1,0.14285714285714285
2026Q3,9,1,0.14285714285714285
2026Q3,17,1,0.14285714285714285
