topic,top_words,course_unit,unit_purity,label,npmi,n_questions,pct_unanswered,pct_accepted,median_hours_to_answer,avg_confusion,avg_sentiment,pct_with_error,avg_views,difficulty_index
0,"mario, ide, project, github, check50, terminal, adieu, directory, command, submit50",Week 1 (C basics),0.228,mario / ide / project,-0.07484694952145218,758,41.689,39.71,5.565,0.533,-0.072,43.931,506.608,0.036
1,"speller, word, dictionary, valgrind, memory, node, load, misspelled, pset5, hash",Week 5 (Data structures),0.883,speller / word / dictionary,0.46810460090637207,553,28.571,61.844,2.956,0.713,0.036,65.28,360.166,-0.409
3,"caesar, key, character, substitution, pset2, ciphertext, plaintext, argv, argument, string",Week 2 (Arrays),0.903,caesar / key / character,0.34817299246788025,334,25.449,59.281,2.887,0.643,-0.056,46.108,253.698,-0.681
2,"filter, blur, pixel, edge, image, pset4 filter, blur filter, pset4, reflect, filter image",Week 4 (Memory),0.975,filter / blur / pixel,0.4819248914718628,301,29.236,56.478,4.134,0.782,0.037,35.88,430.196,-0.045
4,"recover, pset4 recover, pset4, jpg, fread, fault, segmentation fault, segmentation, jpeg, image",Week 4 (Memory),0.874,recover / pset4 recover / pset4,0.332584410905838,290,26.552,63.103,2.705,0.75,-0.049,51.379,151.641,-0.448
5,"credit, cash, cent, digit, coin, card, pset1, credit card, checksum, visa",Week 1 (C basics),0.854,credit / cash / cent,-0.08372605443000794,230,26.522,54.348,4.678,0.692,0.115,30.87,247.096,-0.26
6,"buy, finance, stock, sell, share, html, symbol, index, price, table",Week 8-9 (Web / Flask),0.897,buy / finance / stock,0.48843953013420105,220,42.727,44.545,7.758,0.619,0.051,60.455,285.791,0.468
7,"vote, candidate, winner, runoff, rank, tabulate, election, plurality, winner election, eliminated",Week 3 (Algorithms),0.983,vote / candidate / winner,0.45335046640700766,189,33.862,50.265,4.784,0.613,0.11,38.095,519.667,-0.158
9,"loop, array, string, integer, pointer, variable, char, address, type, int",Week 1 (C basics),0.24,loop / array / string,0.20009252429008484,178,33.146,52.247,3.838,0.626,0.108,29.213,344.343,-0.288
8,"readability, grade, sentence, pset2 readability, letter, word sentence, scrabble, pset2, letter word, text",Week 2 (Arrays),0.801,readability / grade / sentence,0.299423258834415,161,34.161,51.553,2.349,0.721,-0.071,29.193,376.41,-0.318
17,"html, flask, form, django, entry, search, wiki, page, app, project",Week 8-9 (Web / Flask),0.432,html / flask / form,0.2800540038281017,113,55.752,32.743,12.101,0.565,0.119,45.133,625.708,1.104
14,"identifier, int, lecture, declaration, undeclared identifier, undeclared, reset, int int, definition, control path",Week 2 (Arrays),0.408,identifier / int / lecture,-0.29158804467879235,112,30.357,49.107,2.612,0.678,-0.279,72.321,704.455,-0.488
10,"dna, sequence, str, pset6 dna, csv, pset6, strs, consecutive, database, txt",Week 6 (Python),0.976,dna / sequence / str,0.524236798286438,90,44.444,41.111,9.071,0.559,0.14,27.778,367.511,0.501
13,"jpg, recover, image, recovers, recover image, jpeg, recovered, recovering, recovers jpg, jpegs",Week 4 (Memory),0.833,jpg / recover / image,0.4659735858440399,81,19.753,71.605,2.524,0.95,-0.102,53.086,177.309,-0.292
11,"resize, bmp, resize less, pset3 resize, small bmp, resizes, padding, less, resizing, header",Week 3 (Algorithms),0.75,resize / bmp / resize less,0.4691120750374264,79,21.519,69.62,3.667,1.005,0.169,15.19,142.127,0.095
12,"register, username, register html, finance, password, alert, login, user, application, finance register",Week 8-9 (Web / Flask),0.889,register / username / register html,0.36879633433289,77,44.156,45.455,8.278,0.787,-0.088,67.532,408.701,0.921
16,"import, sql, database, sqlite, flask, sqlalchemy, book, site package, python, package",Week 7 (SQL),0.308,import / sql / database,0.3669869601726532,70,44.286,35.714,2.623,0.355,0.048,62.857,672.329,-0.693
18,"pair, tideman, sort, cycle, lock, creates cycle, pair creates, final pair, creates, struct",Week 3 (Algorithms),0.893,pair / tideman / sort,0.339160843193531,67,44.776,37.313,12.676,0.822,0.178,22.388,681.015,1.305
15,"sql, movie, query, pset7, pset7 movie, bacon, kevin bacon, kevin, select, rating",Week 7 (SQL),0.825,sql / movie / query,0.45257725053363373,57,35.088,52.632,5.071,0.488,0.024,38.596,757.596,-0.35
