user_id,user_name,user_reputation
43920.0,AAQIL AHMED KULLDIK MANEGAR,1.0
23734.0,cryptoGraphic_fool,1.0
44058.0,John Goossens,1.0
46073.0,MSJ,1.0
46123.0,Dre Lehlaha,1.0
46460.0,Zahra Taghikhani,1.0
46702.0,Rithik Kumar R,1.0
48460.0,Alex Drag0nBreath,1.0
48502.0,Yogitha R Reddy,1.0
46831.0,Luke,1.0
47311.0,Nakul Rajawat,1.0
44707.0,Lisa Smit,1.0
44281.0,Om Prakash Sahu,1.0
44541.0,Maniram Tatipamula,1.0
44599.0,Hari,1.0
44642.0,Kevin,1.0
28377.0,caricature,1.0
43678.0,user1844,1.0
43725.0,Andy Foelsche,1.0
43302.0,BUSHRA AHMED,1.0
43362.0,Katya Timchenko,1.0
43364.0,wgrn98,1.0
28149.0,Pulkit Ahuja,1.0
43500.0,SPDS,1.0
43584.0,Astra,1.0
23779.0,Ayush Dutta,1.0
42962.0,Abhiram H N,1.0
42978.0,Aniruddha Shirodkar,1.0
42988.0,UP timism1,1.0
42824.0,Rishav Jain,1.0
43157.0,shiva,1.0
43162.0,Ankur,1.0
35018.0,oC-n,1.0
27471.0,Joel Vergara,1.0
44278.0,ConorNE,1.0
44307.0,Shiba,1.0
45911.0,Mateus 707,1.0
46023.0,Priyanshu Anand,1.0
42673.0,gabi,1.0
34061.0,zenZombie03,1.0
32944.0,Asiya Mohammad Irfan,1.0
34006.0,Álvaro,1.0
33970.0,Aahil Samnani,1.0
42457.0,OMAB2infinity,1.0
25439.0,Betty Van,1.0
25531.0,Ajay Babu,1.0
25433.0,aspacemap,1.0
41186.0,Donald Udofia,1.0
41067.0,NawafBRQ,1.0
41209.0,MuTE,1.0
41250.0,Marilyn,1.0
41297.0,OnAnd17,1.0
42355.0,Victoria,1.0
43267.0,Chris Joyce,1.0
43286.0,accaderi,1.0
23621.0,Devashish Sood,1.0
23909.0,Tanvir Ahmed,1.0
23914.0,Mohamed Rondoz,1.0
32585.0,booleanBro,1.0
32374.0,Davi Lee Bang,1.0
32796.0,Fernando Cedeño,1.0
32839.0,Benjamin Bois,1.0
41027.0,Bijal Shrestha,1.0
23922.0,Kaleb Davenport,1.0
41047.0,GitToSteppin,1.0
41048.0,zekaistic,1.0
41105.0,binhsuy,1.0
41110.0,Bryan Tamrin,1.0
25973.0,Neal W.,1.0
43990.0,Anna Auguste,1.0
48554.0,Luis Fernández,1.0
23570.0,Ali Hasan,1.0
26091.0,Tanya,1.0
40954.0,Ingrid ,1.0
40957.0,pinkmonster,1.0
40987.0,Oliverson,1.0
40824.0,Shimul Das,1.0
40909.0,Hagan,1.0
38686.0,Shahin Karimli,1.0
40927.0,ChubDubDub,1.0
29919.0,Saarth Jain,1.0
46816.0,MeedWzn,1.0
40708.0,sam,1.0
40743.0,Judeakpah,1.0
40746.0,Jarret,1.0
25640.0,Auron13,1.0
40781.0,rushil_01,1.0
40783.0,Butterworth Filter,1.0
35713.0,Soham Sarkar,1.0
36003.0,Duba911,1.0
35194.0,Prem,1.0
35718.0,muhammad medhat,1.0
40656.0,Kik,1.0
40661.0,Mathika Wariyapperuma,1.0
40670.0,Omer Matin,1.0
24131.0,Mina Yossry,1.0
27787.0,FunctionalHarpy,1.0
29846.0,Chen Yang,1.0
40376.0,Zeger Bleyen,1.0
40474.0,Dragan Cvetkovic,1.0
40522.0,MD AKRAM,1.0
40538.0,Riyadh Elbaff,1.0
40562.0,Arman Chauhan,1.0
40597.0,David Lau,1.0
40350.0,csharp1321,1.0
40365.0,Psystrike,1.0
26047.0,osedev,1.0
28125.0,Adhar,1.0
36337.0,Jared Bolo,1.0
23603.0,Owen,1.0
23610.0,Arpita Deshmukh,1.0
24029.0,bor999,1.0
32190.0,Elaine Vuong,1.0
39996.0,CedBad,1.0
31655.0,Alba del Castillo,1.0
37141.0,clazzy,1.0
37455.0,Andi,1.0
39291.0,jayambe36,1.0
40166.0,Edward Burroughs,1.0
40191.0,Marco Raafat,1.0
40244.0,domionico,1.0
32799.0,CrazyKanav,1.0
23629.0,LisaGraf,1.0
23644.0,Intiser Rajoan Parash,1.0
23678.0,George Kubai,1.0
40055.0,Sci-tech,1.0
40057.0,jacajaca2008,1.0
39969.0,Blissfully_Tensed,1.0
40082.0,Ankur,1.0
32783.0,Sumit Kumar Jha,1.0
37966.0,Mr IKS,1.0
39848.0,Firas Elechi,1.0
39951.0,esqflowne,1.0
39956.0,Caolan,1.0
39977.0,Mateus Machado,1.0
39984.0,WickleTim,1.0
39670.0,Devis Ritzler,1.0
39692.0,Malia,1.0
39786.0,Murphy_D,1.0
39824.0,Kareem,1.0
31235.0,jren825,1.0
23701.0,PUrba,1.0
23727.0,Asmaa Abd_El3al,1.0
25263.0,MoMo,1.0
25981.0,Tosin Coker,1.0
33982.0,RevolutionaryBucket,1.0
35283.0,PRIYANSHU KUMAR,1.0
40435.0,Keeley Norris,1.0
39432.0,Nathan Doan,1.0
39439.0,Jacob Steinberg,1.0
39447.0,mikikop,1.0
39541.0,tabitha Ayomide,1.0
31532.0,sbriscoe13,1.0
32021.0,Carlos ABR,1.0
23763.0,Joe Charlesworth,1.0
23579.0,lee3061,1.0
23581.0,n1coii,1.0
23749.0,Samuel Howard,1.0
23789.0,Sherri,1.0
23710.0,BobbyB,1.0
39357.0,Paul DP,1.0
39412.0,Newbie_Coding,1.0
39069.0,Precious,1.0
39100.0,Mo'men,1.0
39111.0,pietrosh,1.0
39162.0,Mayankdays,1.0
42712.0,user24494115,1.0
23871.0,PRotella,1.0
38906.0,aidiotwholikescoding,1.0
46850.0,Cozy,1.0
38785.0,Abhi,1.0
31343.0,MatchYouPikchu,1.0
35394.0,Roberta Vilella,1.0
23838.0,Sigust,1.0
44420.0,sanya_timi,1.0
44542.0,Skywalker,1.0
45886.0,The Glaive,1.0
23622.0,Adarsh,1.0
23891.0,William Gozali,1.0
23830.0,Hans,1.0
38543.0,Ahmed,1.0
38587.0,Shah Hassan,1.0
26116.0,FGK,1.0
26195.0,nwbee,1.0
38584.0,Wyatt Fenton,1.0
38744.0,Hussien.Abdelbaky,1.0
42539.0,theparanormal22,1.0
38421.0,Shawn Lim,1.0
43679.0,Ahmed,1.0
43700.0,Phát Phạm Quang,1.0
43820.0,Angel,1.0
43448.0,Xuân Vũ Nguyễn,1.0
28873.0,Adam,1.0
35337.0,Joy,1.0
28153.0,Donell Mtabvuri,1.0
34176.0,Alejandro Pasillas,1.0
37542.0,Thiago Carvalho,1.0
43457.0,Benjamin Finestone,1.0
27669.0,Tat,1.0
38193.0,Francois,1.0
35781.0,RaulMuroc,1.0
38213.0,meiqdad,1.0
38151.0,Happy Rabbit44,1.0
38271.0,AliGuler,1.0
43468.0,Prathiksha S,1.0
42939.0,Lucas,1.0
23929.0,CSpadawan,1.0
23942.0,Prashant Kumar,1.0
42938.0,Meagan,1.0
38090.0,zhacinkg,1.0
38181.0,Sunraj Patel,1.0
23967.0,AGF,1.0
42807.0,Roberto Lacowicz,1.0
23984.0,Rahat Muneeb,1.0
24016.0,Erin Bailey,1.0
38056.0,Sin,1.0
42755.0,elsevier,1.0
42924.0,O' Bieito,1.0
29928.0,Mercedes,1.0
35633.0,HandOfGod,1.0
29362.0,Anna,1.0
42973.0,wanttocode,1.0
37916.0,Zach Anderson,1.0
37973.0,mdc690,1.0
42413.0,Vaidik Rungta,1.0
40930.0,Syed Navid Nowroz Twoki,1.0
25516.0,Melsunshine,1.0
37789.0,warand rule,1.0
24033.0,razor0184,1.0
41202.0,Swayam Jha,1.0
37717.0,Abhinay Kumar Singh,1.0
37699.0,lxs602,1.0
37803.0,Sneha Gorla,1.0
37804.0,blueberry,1.0
24051.0,JonahK,1.0
23983.0,Anjali Radhakrishnan,1.0
24053.0,harshit,1.0
41019.0,user41019,1.0
40797.0,KateOz,1.0
24107.0,Onion,1.0
37703.0,Sarmen Ter-oganesyan,1.0
25965.0,Mohamed Diaa,1.0
27712.0,livelinks,1.0
28501.0,PotatoHeadz35,1.0
31316.0,Jonathan Robinson,1.0
41160.0,Arizona,1.0
40503.0,BIR823,1.0
37557.0,Karl Kuehn,1.0
37594.0,lukadeving,1.0
37623.0,Sutherine,1.0
23968.0,Abhiram M V,1.0
24080.0,Nicholas_,1.0
40886.0,Watunki,1.0
41213.0,DevloperOso,1.0
37461.0,NAUGHTIOUS MAXIMUS,1.0
37469.0,Gabriel Tierra,1.0
37513.0,Keshav,1.0
29346.0,i0nathan,1.0
27685.0,Nitin Garg,1.0
26045.0,Burhan Mustafa,1.0
37248.0,Li-Yu Chu,1.0
29401.0,MrAwesome,1.0
29487.0,Lilslippery,1.0
34853.0,neatponcho,1.0
40726.0,cry0n,1.0
40444.0,adubzzzz,1.0
37146.0,Guillermo Gil de Avalle,1.0
37147.0,Jorhan López,1.0
25992.0,Utkarsh Malhotra,1.0
29390.0,Olena Stoliarova,1.0
29723.0,Dimi3 ,1.0
31351.0,theonerishi,1.0
35693.0,Philip F,1.0
37196.0,ManveerD,1.0
37205.0,mario alberto ortiz salazar,1.0
37274.0,Bushra Mogareb,1.0
40136.0,know,1.0
36961.0,Nicole Horan,1.0
37019.0,Aryan Goel,1.0
24174.0,Omar Muhammed Aly,1.0
24177.0,Pioneer,1.0
36803.0,Student_102345,1.0
36861.0,mr_c00per,1.0
36904.0,Mohamed Asif,1.0
36906.0,Omar Rehan 777,1.0
38488.0,Hasan Shahid,1.0
32739.0,Sen Pei,1.0
34292.0,Ziadi Lotfi,1.0
37412.0,AbuAminu,1.0
25250.0,Guy Natan,1.0
40088.0,xyj,1.0
25259.0,cotieno,1.0
42470.0,perseverans,1.0
25289.0,asimov,1.0
42383.0,Carlos Martinez Ival,1.0
43636.0,Su Xiaowei,1.0
44377.0,Passeris,1.0
46071.0,WPKoders,1.0
28006.0,Pratishrut Kamal,1.0
29577.0,armin fakhar,1.0
36622.0,sage7major16,1.0
36646.0,Shubham Gupta,1.0
31984.0,Karl Romero,1.0
39935.0,SakT,1.0
25320.0,Niche Rockstar,1.0
25302.0,Cori,1.0
36558.0,GMplayer210,1.0
36574.0,Dulshan,1.0
39903.0,Moyak,1.0
25286.0,杨琳玲,1.0
36400.0,kenevarle,1.0
31789.0,John,1.0
25301.0,GAXY,1.0
25306.0,Kuti Anuoluwapo Obafetgo,1.0
25307.0,Gerald,1.0
24163.0,Yosef Hesham,1.0
39501.0,Engineer Sahoor,1.0
39643.0,Collins,1.0
39671.0,Musawick,1.0
38692.0,Ben,1.0
25413.0,furkant,1.0
25458.0,Julk,1.0
36176.0,Kh12769,1.0
36349.0,padfoot13,1.0
25376.0,S Huzaifa,1.0
35971.0,Hope Braga,1.0
36154.0,tsull,1.0
36171.0,w1llp0wd3r,1.0
36183.0,magne bolgen,1.0
36266.0,Irwan Ahmed,1.0
25390.0,Terry Hu,1.0
25406.0,JPearl,1.0
24122.0,Tory,1.0
28759.0,eho1995,1.0
48516.0,Ethan Paul,1.0
37745.0,maixiang,1.0
38642.0,James Sesler,1.0
40160.0,StealStreet,1.0
40710.0,Nova,1.0
44413.0,Divyansh Gupta,1.0
44646.0,M Florida,1.0
39466.0,ron,1.0
40173.0,Chinmaya Chidrewar,1.0
38192.0,Soremegis,1.0
23994.0,hmitrea,1.0
38212.0,Sharyar Javaid,1.0
36015.0,Honoka Miki,1.0
36042.0,Jiwon LEE,1.0
35788.0,someone,1.0
36120.0,James Ford,1.0
27378.0,Juan David Garcia Hernandez,1.0
26231.0,Yash Wath,1.0
28330.0,pedro,1.0
28506.0,Kevin Fontecilla,1.0
29144.0,Mance Rah,1.0
35866.0,krexaim,1.0
35905.0,John H,1.0
35950.0,asanaya91,1.0
35969.0,Sebastián Vera,1.0
25492.0,Casper,1.0
25527.0,Xavier LeVin,1.0
35688.0,voko axecer,1.0
34038.0,Roshan Barnwal,1.0
35793.0,ryanjbr,1.0
29285.0,Anna-Aleksandra,1.0
31541.0,Kaijie Wan,1.0
40110.0,Madplayer95,1.0
41039.0,Sigurd Sigmund,1.0
31074.0,Mikpix,1.0
35622.0,Vali Max,1.0
35627.0,Tamz Hamz,1.0
43345.0,nimmi,1.0
46473.0,usha_udayam,1.0
35947.0,Pragati Chauhan,1.0
36067.0,i7bf,1.0
36071.0,gameloft,1.0
28594.0,jcmast-stack,1.0
35392.0,Lizzie Williams,1.0
35410.0,Newbie86,1.0
32044.0,Stijn,1.0
32076.0,crivelphagor,1.0
36167.0,PurpleWitch,1.0
38255.0,DRSR,1.0
25534.0,Juan Becerra,1.0
23682.0,user23682,1.0
22282.0,Jonathan Foster,1.0
35202.0,Facundo Lema,1.0
35213.0,None._,1.0
35224.0,F S,1.0
35260.0,mandle565,1.0
35286.0,Rafa Study,1.0
35349.0,David Harris,1.0
35350.0,Kuba Oleksa,1.0
35355.0,Julio Serrano,1.0
38139.0,Santiago Misas,1.0
25613.0,Zhiyu Zhu,1.0
35155.0,bloodycoder,1.0
35156.0,cregg ,1.0
35188.0,Akash,1.0
28500.0,Маша Белошицкая,1.0
28977.0,user13726679,1.0
35126.0,Wells Wulsin,1.0
35128.0,Amanda Chan,1.0
38121.0,Hazel,1.0
38147.0,user38147,1.0
40187.0,akro,1.0
42490.0,Shota Tsiklauri,1.0
25636.0,Jamesc13,1.0
25643.0,Hyke,1.0
36035.0,allopatry,1.0
36694.0,PalaDean,1.0
35009.0,Nikki,1.0
25682.0,Nis,1.0
34923.0,Dayan Mehrani,1.0
25609.0,TheSaxo,1.0
38617.0,HarshCoder69,1.0
39138.0,Luis Rivera,1.0
34789.0,rodolfode dion,1.0
34811.0,Kaii,1.0
34823.0,Nonso ,1.0
34829.0,Nicholas Dalman,1.0
34869.0,Kiyaga Alecks Clay,1.0
34881.0,itsme,1.0
25333.0,Spazcool,1.0
25667.0,George.S,1.0
25672.0,naobie,1.0
25459.0,Kevin,1.0
25677.0,CorinTheGreat,1.0
25698.0,cs50Student,1.0
34642.0,Danae Philioti,1.0
34658.0,Mainlander,1.0
34664.0,sulloa,1.0
34687.0,Liliana,1.0
34138.0,João Ricardo,1.0
34762.0,Sem Cruiming,1.0
34777.0,Francisco Azocar,1.0
36181.0,Tariq Yasiin,1.0
28263.0,brucehamiltonafk,1.0
27480.0,Facundo Frau,1.0
37910.0,Ling Captain,1.0
38002.0,Thomas Raymond Santos,1.0
38313.0,Snozm,1.0
25690.0,Minyan,1.0
40980.0,Nhi Doan,1.0
34560.0,Mukut Das,1.0
34626.0,Etex,1.0
34130.0,fried fish,1.0
34628.0,aw_codes,1.0
27997.0,Маргарита Андрианова,1.0
27965.0,Danny Durand Nzi,1.0
28334.0,elev8eng,1.0
31425.0,Abubakar Yahya-Mana,1.0
34538.0,Abdulrehman,1.0
34546.0,Mark Norris,1.0
28457.0,RuddyDev,1.0
36453.0,Ron Holmes,1.0
37726.0,TheWanderingAmateur,1.0
43782.0,Alex Miami,1.0
36245.0,Thomas Gallaher,1.0
36275.0,FoxCheeze,1.0
36255.0,José Cuacés,1.0
28106.0,TheBooleanOne,1.0
34360.0,Ricardo Martínez Focas,1.0
34415.0,Big Thinkie,1.0
34447.0,Igor Roytman,1.0
28406.0,Joelouigi147,1.0
25680.0,msippel415,1.0
25722.0,Foudouki,1.0
25743.0,Rusty,1.0
37633.0,Sneili,1.0
37193.0,Cosmic,1.0
40777.0,Prashansa,1.0
25785.0,MDAGLL,1.0
34258.0,Naufal Alfa,1.0
36405.0,Jaron Haberstroh,1.0
28313.0,Chidi Abasilim,1.0
28082.0,themarshmall0w,1.0
28447.0,cy5266,1.0
28826.0,Mukheem Mohammed,1.0
28192.0,Vinícius Cerqueira Bonifácio,1.0
25766.0,Dhirendra501,1.0
25676.0,Frank,1.0
37549.0,Hendrix obuks,1.0
37822.0,Leny1111,1.0
15502.0,kabman,1.0
34095.0,Sfhuygju T,1.0
34145.0,yusuf mostafa,1.0
34160.0,Marco Toccoli,1.0
47281.0,giannina fischer,1.0
47276.0,Arsany Amir,1.0
34020.0,LeviH,1.0
34021.0,user16521419,1.0
33976.0,TBH Brown,1.0
25806.0,476596,1.0
25798.0,Claire McGehee,1.0
25814.0,Zakaria Bennane,1.0
37347.0,lkchek,1.0
37399.0,harndt,1.0
25826.0,Gaunish garg,1.0
32902.0,bob saget,1.0
32906.0,Clo Park,1.0
40682.0,Arctic_KitsuNe,1.0
42775.0,Zee11,1.0
33964.0,dh45r,1.0
33965.0,Alae,1.0
28038.0,belle,1.0
28579.0,Cedrigo Darwin,1.0
28952.0,Game Nuked,1.0
25799.0,sjaakieplof2014,1.0
25868.0,aegis301,1.0
29128.0,Neslihan Kara,1.0
32888.0,Ryan N,1.0
47251.0,GeorgeIsBetter,1.0
27921.0,Mark van Bavel,1.0
27957.0,Eze A.,1.0
36514.0,Haoni Hashimoto,1.0
36547.0,Ibhi Yassine,1.0
36542.0,Champs Legion,1.0
37105.0,Anarres,1.0
36998.0,ThatLinuxGuy,1.0
30992.0,AlhasanY,1.0
25865.0,jlsandre,1.0
25878.0,The_MidNight,1.0
25882.0,wf01,1.0
25888.0,Adi,1.0
25893.0,Thomas S.,1.0
25894.0,Laser Media,1.0
38182.0,DINAMOW - دينامو,1.0
32792.0,Osama Omar,1.0
32690.0,Thom OM,1.0
32709.0,David Mertz,1.0
32711.0,Faustino Aguilera,1.0
32774.0,shahrukh,1.0
36834.0,Agus,1.0
29826.0,Priyanshu Naskar,1.0
28814.0,Chris,1.0
28896.0,sulai_x,1.0
35677.0,JuneDev,1.0
29161.0,Joseph Chuks Odo,1.0
28598.0,IB21,1.0
20186.0,David Warsaw,1.0
32647.0,kostas,1.0
32520.0,Aditya,1.0
36589.0,userDD,1.0
36482.0,Stevek,1.0
36668.0,Sriram Tantri,1.0
25898.0,Crissvictor,1.0
25565.0,Dragos Toader,1.0
36525.0,Gabby Gibson,1.0
25995.0,Endy Sun,1.0
25994.0,Advitiay Anand,1.0
42701.0,Eduardo Guerrero Hernndez ,1.0
44118.0,426xeno,1.0
36140.0,az ab,1.0
36211.0,Hoooly Kuashi,1.0
27570.0,lz1990,1.0
27553.0,Giang Phạm Trường,1.0
36584.0,Oliver L.,1.0
36578.0,Sado Kim,1.0
36911.0,Zakaria Jaddad,1.0
37120.0,Obaydullah Al Numan Hasib,1.0
38111.0,Moe Abuzayed,1.0
27550.0,inline_five,1.0
27565.0,slackair,1.0
26065.0,Kajura Henry,1.0
36284.0,Nebulonit,1.0
36960.0,KptKrunch,1.0
32517.0,Israel Udofia,1.0
32567.0,T.Y,1.0
32572.0,Fehmi,1.0
32422.0,cton04,1.0
32576.0,Valentina Rivas,1.0
32601.0,Alex Ren,1.0
28218.0,Juliet,1.0
28276.0,Nytswa,1.0
25989.0,Teet Kalmus,1.0
26089.0,curious-me--,1.0
26092.0,Nesomin,1.0
35956.0,Quach Tu,1.0
32472.0,Nancy Savchenko,1.0
31338.0,Dhyey Patel,1.0
26011.0,Toni,1.0
26034.0,Noki Lam,1.0
31306.0,Saljooq Altaf,1.0
32348.0,Jodie Lauren Caston,1.0
37028.0,Ahmed abo-alata,1.0
37327.0,esceli,1.0
38792.0,Salome Naskidashvili,1.0
40316.0,Jo404,1.0
40478.0,Павло Митура,1.0
40835.0,Clara Arandiga,1.0
41148.0,prasgop,1.0
25972.0,bdd060,1.0
29660.0,Walter Miguel,1.0
29929.0,tscozzafava,1.0
31127.0,Learner,1.0
27500.0,accounthil,1.0
28336.0,Bruno Rafael,1.0
27384.0,Tony,1.0
36476.0,Ricky_115,1.0
40610.0,John Kelly,1.0
42925.0,user42925,1.0
28072.0,Marcus Allen,1.0
35643.0,Arpan Pandey,1.0
28658.0,Hob,1.0
28959.0,Jabuc15,1.0
28874.0,michelle2014,1.0
32302.0,HAPPY DUMMY,1.0
36096.0,Jonathan.,1.0
35830.0,user2654920,1.0
26102.0,pkkirilov,1.0
26123.0,achal shetty,1.0
35735.0,Crysart,1.0
35576.0,David Ng,1.0
28805.0,Justin L,1.0
32234.0,NIKOLAOS ILIOPOULOS,1.0
32246.0,sunil-rohra,1.0
32250.0,OJNCGLG,1.0
32252.0,Peter Mikhail,1.0
35825.0,Dima,1.0
35851.0,matsterdam,1.0
26143.0,YouriR,1.0
26166.0,keonhyuk,1.0
35472.0,Atmane Lee,1.0
35455.0,Cyrus,1.0
35692.0,ian babineaux,1.0
40754.0,Horace,1.0
35702.0,Sastri Rampersaud,1.0
29197.0,Mary Clare,1.0
34667.0,Charles Lartey,1.0
37433.0,Mwambs,1.0
25816.0,sethcozean,1.0
25897.0,lovercash,1.0
26042.0,yoyohoho,1.0
26005.0,Topher,1.0
32778.0,Saksham Rajput,1.0
25829.0,Gil Ong,1.0
24127.0,Pragat Pandya,1.0
25859.0,ctodd183,1.0
27255.0,Shushank Chaudhary,1.0
27265.0,jinmeadow,1.0
27272.0,Raquel,1.0
26183.0,l3hargav,1.0
26187.0,zs4321,1.0
35125.0,Ricardo Morim,1.0
36713.0,Jadelcar,1.0
35543.0,Travis Strife,1.0
26223.0,MHH,1.0
26232.0,Nagaraj G N,1.0
26241.0,Meg Langan,1.0
32122.0,Matthew Wong,1.0
32089.0,Pierre Catala,1.0
32041.0,Parth Shrivastava,1.0
26037.0,SW Y,1.0
26244.0,Pranav Nair,1.0
35417.0,Vahram,1.0
36292.0,Dave,1.0
35165.0,LJH,1.0
35171.0,acodeaday,1.0
35161.0,Tybirk,1.0
27250.0,zaaach,1.0
28710.0,David,1.0
32038.0,M-J -Y,1.0
32006.0,nick_57,1.0
27316.0,user8938481,1.0
27291.0,SELKERDANY,1.0
27325.0,krayevska,1.0
27297.0,Bonnie Zerbato,1.0
35076.0,ebonatto,1.0
28597.0,Gio Sauquillo,1.0
32035.0,Revots,1.0
25699.0,Jason David Espinoza Siles,1.0
17304.0,DGC,1.0
25627.0,lashem,1.0
25615.0,Wtt ,1.0
26150.0,Yasin Durak,1.0
28020.0,Parth Pandya,1.0
29620.0,Hekyl,1.0
27274.0,Mac Bell,1.0
26227.0,Riya Gandhi,1.0
27280.0,Tharini Ekanayake,1.0
27299.0,Shgyn,1.0
27278.0,Abdallah Elbradey,1.0
26135.0,mpetras,1.0
31940.0,guillermofd,1.0
29666.0,Rafael Reis Araújo,1.0
24049.0,ISOPARM,1.0
37094.0,Gaurav Bhushan Kumar,1.0
23825.0,Peter_bke,1.0
23880.0,YuriAFGomes,1.0
47615.0,CK Ong,1.0
31846.0,Lucas RH,1.0
31894.0,sw30,1.0
31921.0,Donal,1.0
47298.0,Pierre Totari,1.0
43798.0,dustblackrose,1.0
31843.0,Schmorris,1.0
23418.0,John Doe,1.0
24072.0,user11913821,1.0
25362.0,Jack,1.0
25574.0,Doug Rollman,1.0
35028.0,Nik,1.0
29635.0,MadScientist,1.0
23756.0,soccermom9424,1.0
23366.0,Victor,1.0
37159.0,AAG MONCH,1.0
46020.0,Fred,1.0
46840.0,Gabriel Sawicki,1.0
35041.0,Pat,1.0
27334.0,lovelylaowai,1.0
27344.0,Ahmad ELZohairy,1.0
26240.0,Brian Wang,1.0
27359.0,user2082793,1.0
27373.0,Jared Kaltenbaugh,1.0
27395.0,Eric Koenig,1.0
25737.0,Nico Damascus,1.0
27408.0,tahahasan360,1.0
35017.0,notehvihn,1.0
27418.0,superman,1.0
27406.0,Ayam Chan,1.0
31748.0,FWI,1.0
31761.0,Jay Leimer,1.0
31811.0,Sheen Hary,1.0
22877.0,Ron Braha,1.0
25508.0,sam a,1.0
25663.0,KyleStacksALot,1.0
40401.0,Krishee,1.0
34745.0,mz1user,1.0
40437.0,Mikkey200,1.0
40447.0,Roberto,1.0
43442.0,KinkyWizard,1.0
31693.0,Wrichik Mukherjee,1.0
42840.0,Paul Hamoen,1.0
42945.0,user20158741,1.0
37312.0,Victor Zhu,1.0
34850.0,luna,1.0
27469.0,Wee Yun Zheng,1.0
27489.0,Pokojd,1.0
34605.0,vicraw215,1.0
34692.0,Kenny Sun,1.0
34707.0,BadboyNicholai,1.0
40363.0,Fawz,1.0
32448.0,user3393463,1.0
32530.0,EDR,1.0
32853.0,Antoine S.,1.0
34356.0,Bashir Mohamed,1.0
36912.0,Micolash host of the nightmare,1.0
41208.0,arun2k16,1.0
42861.0,Kahf,1.0
31648.0,Hunter,1.0
3439.0,John Follis,1.0
44325.0,Margarita,1.0
43509.0,Marcela García,1.0
37553.0,Michal Kotus,1.0
40185.0,missng,1.0
27507.0,CodingNewb,1.0
27542.0,Rox,1.0
31561.0,Pratham Dave,1.0
31589.0,molekh,1.0
31394.0,MJB,1.0
31543.0,Jason Tan,1.0
29896.0,leonardo antunes,1.0
26035.0,ThisIsMe,1.0
27603.0,thucnhu,1.0
26125.0,Hoi Fei Kwok,1.0
27616.0,senator,1.0
27620.0,Daniel Cloud,1.0
39852.0,dhan8293,1.0
42381.0,TheOtherJohn,1.0
42450.0,RARob,1.0
41315.0,PquePC,1.0
37415.0,L. C. Jimenez,1.0
38223.0,Fouad Nabil,1.0
41124.0,Usifo Emmanuel,1.0
27554.0,Mohan Patel,1.0
27569.0,Devansh Gupta,1.0
31986.0,wjdob,1.0
39822.0,XxGOLDENELIXIRxX,1.0
23382.0,KG54,1.0
36190.0,Vaisakh Chandran.B,1.0
29223.0,sameera,1.0
31389.0,Freko,1.0
31397.0,Ryan Ma,1.0
31344.0,AJ-Williams1,1.0
31883.0,Kirill N,1.0
40273.0,Why,1.0
40784.0,bdxltk35,1.0
34922.0,Lucia Guerrero,1.0
27633.0,Brian Fang,1.0
27256.0,sceunazhel,1.0
27667.0,Colin Manz,1.0
27666.0,Rococobernini,1.0
27654.0,AlyAsh,1.0
27707.0,Candice,1.0
27717.0,Jim,1.0
27730.0,Paoliz Rodriguez,1.0
27734.0,J.Jenish,1.0
27461.0,janecrager,1.0
31311.0,Meet Purandare,1.0
31317.0,Rodri-97,1.0
31318.0,Gabriel Berezovsky,1.0
32543.0,xxxnvcdf,1.0
40056.0,backman101,1.0
31533.0,Colin Warner,1.0
40072.0,Rongxin,1.0
37587.0,BaaBaa,1.0
31257.0,Sabie,1.0
31281.0,Vabryn,1.0
34166.0,Un1kum,1.0
27671.0,FABeng,1.0
27332.0,Siva Shankar,1.0
27781.0,idiotoftheyear,1.0
40780.0,willmo,1.0
40770.0,Neevraj Kumarpal Bokria,1.0
40782.0,Opie Taylor,1.0
40675.0,Fergus Argyll,1.0
40728.0,phnlg,1.0
40741.0,Nana,1.0
37600.0,theiNhibition,1.0
36006.0,dohaal,1.0
31928.0,Jacob,1.0
34980.0,Nafiur Rahman,1.0
36030.0,L0nelyPlut0,1.0
36524.0,Federal_stickman4703,1.0
36540.0,Shiv S. Goswami,1.0
36598.0,IJustWantAJob,1.0
31186.0,isaac6,1.0
31190.0,Abhishek Gokal,1.0
31203.0,Moose,1.0
38408.0,loul7,1.0
27751.0,caiofuccio,1.0
27754.0,Pranjal Kumar,1.0
27770.0,Bernardo Prum,1.0
27771.0,user27771,1.0
27641.0,philjohn68,1.0
32887.0,Nancy Mills,1.0
28883.0,jakec1234,1.0
31158.0,Sama_san,1.0
31166.0,hudsonmae,1.0
31185.0,gudge_on,1.0
29709.0,JoyfulExplorer,1.0
29823.0,Daniel Paul,1.0
27804.0,omartarek102,1.0
32872.0,Vedant ,1.0
32889.0,Julia Velloso,1.0
40368.0,Poptart,1.0
31094.0,Abdiel Lopez,1.0
31103.0,Hellbartonio,1.0
31104.0,Voices_,1.0
31107.0,gvw,1.0
31073.0,Consuelaziza,1.0
31121.0,isabellaz,1.0
37000.0,Tyssan,1.0
37567.0,Muhammed Ahmed,1.0
37068.0,Ronit Kumar Singh,1.0
37700.0,Gaëtan Bloch,1.0
40622.0,Daquietus,1.0
41097.0,Ricardo Garcia Fernandez,1.0
42587.0,Luisa Sayuri,1.0
42980.0,Aaron Warren,1.0
40480.0,blindcoder,1.0
27785.0,b-hintz,1.0
27786.0,jkleong,1.0
27796.0,Tornado air,1.0
27801.0,Ayush Bansal,1.0
23597.0,haidang dang vu,1.0
27857.0,Anum Rehman,1.0
27870.0,zeynal,1.0
27873.0,BurakAksu,1.0
27874.0,Plantains,1.0
32731.0,mossburger55,1.0
31064.0,Tahera Rouf,1.0
31069.0,River Stinson,1.0
27925.0,Matteo196,1.0
27924.0,Ali Uyanık,1.0
27944.0,pooja,1.0
27966.0,Rose,1.0
31005.0,ANUPAMA T.M,1.0
31007.0,Aakash Malviya,1.0
27823.0,WelfareWarrior,1.0
27847.0,Leonardo Manzini,1.0
27996.0,hosam ahmed,1.0
28000.0,Dhruv,1.0
28021.0,Ricardo Gusi,1.0
40155.0,Manolo Manolez,1.0
40131.0,Abhisehk_lp,1.0
29628.0,David,1.0
27890.0,Bora Özenbirkan,1.0
40385.0,rabindranath mandal,1.0
40086.0,PROGRAMMER1,1.0
39416.0,yzrtt22,1.0
40073.0,guyewhite,1.0
40170.0,MariovdBerg,1.0
40132.0,انس رفعت OR. ANAS REFAT,1.0
37756.0,578574,1.0
27958.0,Sonntagberg,1.0
27975.0,NoahRS,1.0
27981.0,Juan Martín Sánchez,1.0
31465.0,chris_A350,1.0
28026.0,Kloner67,1.0
29914.0,lChen,1.0
31313.0,Devon,1.0
32613.0,JennyL,1.0
37259.0,boltsandbytes,1.0
38736.0,Kennster,1.0
29939.0,zachary0994,1.0
29947.0,mich,1.0
29836.0,Premansh Pareek,1.0
32614.0,H S,1.0
28075.0,Laureano Jos Gutirrez Vallenil,1.0
28079.0,ng1235,1.0
29883.0,Javier Garza Suarez,1.0
29898.0,user29898,1.0
29569.0,Kai Xu,1.0
31679.0,nora,1.0
39917.0,bop,1.0
36650.0,Mishary,1.0
29863.0,DaitoCode,1.0
29607.0,piotrektnw,1.0
29474.0,LSWarss,1.0
28029.0,anonymous,1.0
28041.0,abcslayer,1.0
28066.0,Savage,1.0
36687.0,Asma H.,1.0
35854.0,Gabriel Krupa,1.0
29776.0,Kushagra Sharma,1.0
29798.0,William Tamplain,1.0
29716.0,Devin Atalay,1.0
29829.0,nadasamy,1.0
29714.0,user29714,1.0
24105.0,Suhas Thalanki,1.0
36722.0,Echo94,1.0
32575.0,miekec,1.0
31906.0,SeGue,1.0
37707.0,Leonardo Araújo,1.0
39773.0,Bob_Rooney,1.0
35289.0,Xudoyshukur Jo'rayev,1.0
36205.0,Obada Alhomsi,1.0
40030.0,moneuron,1.0
40036.0,fallenangel83,1.0
39952.0,probity karonga,1.0
39963.0,MarkIII,1.0
37877.0,Max Krause,1.0
39891.0,Don Tan,1.0
39871.0,Timothy_A_Brown_1059,1.0
39665.0,SomeMedtnerGuy,1.0
28115.0,dhrubhagat-singh,1.0
28005.0,Ak500,1.0
28131.0,Mathew Olajide,1.0
28152.0,Bilad,1.0
32335.0,10forever,1.0
32375.0,Rizqi Siti Rahmah,1.0
29315.0,chlyde,1.0
29576.0,lehga,1.0
29821.0,Jose Yánez,1.0
31651.0,crimedime777,1.0
32688.0,Amritpal singh,1.0
34197.0,a certain wanderer,1.0
34264.0,Drew Landis,1.0
34405.0,Archie1232,1.0
34684.0,Тестировщик из Кемерово,1.0
28232.0,Spaceuserm,1.0
28189.0,notrealecho,1.0
32189.0,Timi,1.0
29807.0,Gilardino,1.0
29656.0,Sam AG,1.0
29657.0,Mohammed Abu Oudah,1.0
29668.0,UUanderson,1.0
29695.0,Winnie HO,1.0
28924.0,Shyam,1.0
29615.0,Diniz,1.0
42513.0,Fynn,1.0
39672.0,shakrticmi,1.0
32046.0,JerryCinc,1.0
28199.0,Robert Harbuck,1.0
28203.0,Andrew Burke,1.0
28191.0,TheRealJaboo,1.0
28213.0,user216797,1.0
28216.0,gfrema,1.0
28221.0,nilajawill,1.0
39132.0,Joe Ovenden,1.0
39404.0,Rajeev Reddy,1.0
37902.0,spacemonkey,1.0
38042.0,Juice Milner,1.0
39814.0,marcnz,1.0
37696.0,RedHorseMane,1.0
29561.0,Giacomo Belleri,1.0
29611.0,Mempstack,1.0
28274.0,brenrad,1.0
27684.0,Oran S Goodman,1.0
29598.0,zeek,1.0
29531.0,Vladimir Briceño,1.0
28926.0,Breair Sabir,1.0
29562.0,Landon Le,1.0
29553.0,Aishwarya Gade,1.0
29567.0,Eric P.,1.0
29571.0,aidan,1.0
29543.0,user7968702,1.0
38021.0,Jonathan,1.0
38088.0,Sanu Raj,1.0
29505.0,Krasimir Yankov Kolev,1.0
29508.0,KP.cs50ai,1.0
29624.0,hekqte,1.0
29640.0,allemandi,1.0
29566.0,stanloona,1.0
28240.0,Yasir Iqbal,1.0
27932.0,Altaf,1.0
28249.0,Zach,1.0
32304.0,edxeve,1.0
28251.0,Vishal verma,1.0
28255.0,Gauss,1.0
28272.0,mufasasa,1.0
38674.0,Daniel Armella,1.0
32137.0,White fire,1.0
32294.0,Nightmare247,1.0
38555.0,blueetfm,1.0
38668.0,finnbo,1.0
35600.0,mal,1.0
42634.0,Mohamad Javad Jianpour,1.0
38308.0,Tristan Wiese,1.0
38433.0,Zach,1.0
37917.0,Ejay,1.0
37978.0,ASZ,1.0
28311.0,Maty,1.0
28130.0,Praneeth Kumar,1.0
41318.0,Karl Valcourt,1.0
32192.0,EMDIPablo,1.0
28316.0,Omar Zayed,1.0
28331.0,StimpakNeeded,1.0
29467.0,Murtaza Tantray,1.0
29484.0,Yawar Bhat,1.0
28287.0,Garthy,1.0
32548.0,alou64,1.0
30970.0,Clueless,1.0
32341.0,Agnij Moitra,1.0
28341.0,won1225,1.0
28345.0,CxrlosKenobi,1.0
28346.0,sonwy102,1.0
28349.0,Andy D,1.0
28356.0,Giulia,1.0
28373.0,Beesleuth,1.0
28380.0,LordAvocado,1.0
29392.0,Anti-Entropy,1.0
29418.0,VDM,1.0
29336.0,Tony Paul,1.0
29427.0,Cassie Ng ,1.0
29432.0,Hasan,1.0
29434.0,user29434,1.0
28159.0,piyushjain425,1.0
39260.0,pherb,1.0
39360.0,Camel old,1.0
37982.0,Two-FaceFIL,1.0
39827.0,Madjob,1.0
37871.0,Arslan Baig,1.0
38076.0,Michael Giacomini,1.0
38127.0,littledebian,1.0
38098.0,Conor O'Mahony,1.0
37743.0,KiruFlan,1.0
28993.0,kbaranda,1.0
29358.0,Iqbal Jurist,1.0
29377.0,melval,1.0
43699.0,zeshen zheng,1.0
29780.0,Gregory Wong,1.0
32160.0,cheero,1.0
31965.0,Jerome Ibañez,1.0
34755.0,ALOK KUMAR SINGH,1.0
34014.0,Zoltán Uhlár,1.0
32197.0,Fernando,1.0
32956.0,LUISELLA,1.0
32744.0,kiwirolle,1.0
32808.0,zawave,1.0
32620.0,Rizvan Jacob,1.0
27453.0,MPimk,1.0
28242.0,flashwingfelix,1.0
29300.0,Ash,1.0
29319.0,Yash Patel,1.0
29910.0,SteveF,1.0
28350.0,Sawyerr Mayowa,1.0
29338.0,Arrhan BHATIA,1.0
29878.0,DaitoCode,1.0
28465.0,Dave Clark,1.0
28471.0,andrewdoeslearn,1.0
37425.0,LKizza,1.0
37908.0,olive20xx,1.0
37980.0,José María Reyes Retana Tamayo,1.0
38186.0,Azvd,1.0
37320.0,Tyler,1.0
37349.0,ger mc,1.0
37400.0,Michael,1.0
30954.0,Вячеслав Порядин,1.0
28524.0,sadprogrammer,1.0
29250.0,Gaza,1.0
35211.0,Iury Sikorsky,1.0
29288.0,Sandro Docanto,1.0
30997.0,AnishGhule-Technogeek,1.0
31001.0,Rishit Raj,1.0
29941.0,VanG,1.0
37810.0,Naveen92,1.0
28428.0,user28428,1.0
28438.0,f23,1.0
28450.0,camptzak,1.0
27821.0,MOMarty,1.0
32066.0,littlefish123,1.0
28549.0,MartinD,1.0
29220.0,leeetthad,1.0
29216.0,Akram Bouaziz,1.0
31089.0,Travis Thompson,1.0
28475.0,Ayush Verma,1.0
28481.0,beanbanx,1.0
32064.0,NikitaKvitka,1.0
28487.0,Keshav,1.0
28381.0,user28381,1.0
28495.0,ivan milenkovic,1.0
28497.0,Pytharelle,1.0
28062.0,Adr,1.0
23938.0,Chirayu Bhatt,1.0
37100.0,Raymond Agustine Santos,1.0
37134.0,grape_,1.0
36801.0,abdulrehman Shoaib,1.0
36836.0,Murugeshwari Ravi,1.0
38296.0,fart_east,1.0
36595.0,chrisware,1.0
36604.0,umar faruq,1.0
36632.0,Imtiyaz Tariq,1.0
32009.0,Ronny Groin,1.0
40863.0,نگین نصیریان,1.0
28212.0,Miguel,1.0
28518.0,khoofiyabilli,1.0
28526.0,Jordan Emmett,1.0
28544.0,Timothy Teo,1.0
34099.0,mahmoud reda,1.0
43351.0,girurerumu,1.0
34151.0,trustyaxe,1.0
29180.0,Vidhi Shah,1.0
29192.0,tjtrains12,1.0
29209.0,Tornike Nikabadze,1.0
29213.0,ddchen96,1.0
37669.0,Santhosh,1.0
37420.0,ann,1.0
37081.0,Abhishek kumar Singh,1.0
25735.0,mjday,1.0
31142.0,Anastasia Toska,1.0
36677.0,Cecilia,1.0
-1.0,Community,1.0
34551.0,steeplight,1.0
34198.0,Srikrishna Karatalapu,1.0
34216.0,Nemanja Vuksanovic,1.0
34228.0,Ail,1.0
34260.0,Eren Turgut,1.0
34361.0,Akshat Sharma,1.0
39056.0,Doc,1.0
39060.0,wrencheist,1.0
31951.0,Furkan Edizkan,1.0
28576.0,Dylan Dang,1.0
28587.0,lukezr,1.0
28592.0,Maarten,1.0
29081.0,4RZG4,1.0
29101.0,Muhammed,1.0
29086.0,slugovoy,1.0
36295.0,Yaroslav  Yenkala,1.0
29116.0,Bryson Ang,1.0
29124.0,Joe Wignell,1.0
29127.0,ckwan,1.0
29130.0,leesquared,1.0
29132.0,RafalH123,1.0
31192.0,ys-cao,1.0
29172.0,math_guru,1.0
38282.0,Decowry,1.0
36582.0,Olivia,1.0
36705.0,Pedro D'Ávila,1.0
36554.0,Lambo-1,1.0
39498.0,TheQuietKid,1.0
39945.0,Jay,1.0
37689.0,mwmwm,1.0
40339.0,Mr.Pee2,1.0
28558.0,Redwan Mahmud,1.0
28563.0,Marcelo,1.0
23659.0,Palash Singh Raghuwanshi,1.0
28574.0,Megapunk,1.0
31945.0,ramon chacon,1.0
28595.0,Gloriveros,1.0
26000.0,Duncan Wan,1.0
28523.0,Victor Garrido Solis,1.0
27871.0,M Husseini,1.0
28615.0,Thomas Sullivan,1.0
28469.0,sugarsaab,1.0
28631.0,Riko,1.0
28634.0,avidcoder,1.0
31860.0,Jónas Rafnsson,1.0
29060.0,David Sampson,1.0
29063.0,Jentw,1.0
29068.0,KetchupFTW,1.0
31287.0,user14720865,1.0
31293.0,Azumao,1.0
31284.0,exdeval,1.0
40792.0,Kaley,1.0
34552.0,dogchow,1.0
34559.0,pickles_and_olives,1.0
34550.0,Aldo Rodriguez,1.0
27708.0,siv12345,1.0
38910.0,shirin,1.0
34454.0,metalmario23,1.0
29000.0,w00k3y,1.0
29019.0,rebeccatechu,1.0
28539.0,Olga Melnikova,1.0
29025.0,Christine,1.0
29044.0,omgbeandip,1.0
29052.0,MikeWazowski,1.0
27886.0,Mike S,1.0
28681.0,Tisha Rajput,1.0
28686.0,user28686,1.0
28696.0,user28696,1.0
28145.0,Shubham Thori,1.0
28962.0,DudeManPerson,1.0
28967.0,William Otero,1.0
28976.0,Clare,1.0
28975.0,Shriever,1.0
28984.0,Class316,1.0
34715.0,Pahilajani Palak,1.0
34995.0,Mahmoud Saad,1.0
35066.0,Lyra,1.0
35818.0,Luana Pessoa,1.0
31708.0,Matt Shirvan,1.0
36317.0,Mikech,1.0
38524.0,mikesamm,1.0
38799.0,Outdoors Lover,1.0
39424.0,Justin Zhou,1.0
39635.0,Stelbert Stylton,1.0
39702.0,João Paulo Santos,1.0
39798.0,wrightben,1.0
35944.0,REL,1.0
35955.0,Alex M,1.0
37523.0,Jey Darbonne,1.0
28496.0,Eyasu G,1.0
28674.0,c264pit,1.0
35111.0,Lychee Tree,1.0
35958.0,PlaySkillfully,1.0
25723.0,calnet,1.0
35158.0,DragonSlayer,1.0
28910.0,Tom Gastall,1.0
28915.0,aidan ryan,1.0
27861.0,noob_dev17,1.0
28938.0,amw,1.0
28955.0,Neri Esparza,1.0
28956.0,Ethan Poehlmann,1.0
31982.0,Yi RuoLe,1.0
35613.0,Rawad Bader,1.0
36306.0,albondiga,1.0
28704.0,ssshhhkkk,1.0
31525.0,michaelx0281,1.0
31501.0,Mark Giraffe,1.0
31588.0,nemethv,1.0
28902.0,Mahesh B,1.0
31333.0,Upanshu Lakhani,1.0
31763.0,ruslank,1.0
35268.0,cplusplusnoob,1.0
35198.0,Code_Newty,1.0
35212.0,BintAmun,1.0
35052.0,meotet,1.0
35014.0,Aaron Tan,1.0
35101.0,gabrielwu123,1.0
28761.0,catnamedboo,1.0
28553.0,Nik.clgn,1.0
28844.0,MereDONGP,1.0
28690.0,Jamie Walker,1.0
28881.0,Borchius,1.0
28868.0,DZV31,1.0
28885.0,Gabriel Bruno,1.0
28887.0,Varsha ,1.0
28892.0,Paula,1.0
31604.0,ivan corniel,1.0
31490.0,Bon,1.0
42729.0,Arjun,1.0
46508.0,Arnav Kucheriya,1.0
26193.0,DevelopWithAP,1.0
35612.0,Akersar,1.0
35689.0,achaean-geminali,1.0
35706.0,Phạm Tú,1.0
36634.0,T_M,1.0
38481.0,Mersinder,1.0
31569.0,Oldnewbee,1.0
28737.0,Elvinas Didika,1.0
27613.0,s1401988,1.0
28743.0,Diaresta,1.0
31864.0,vardan,1.0
34739.0,F.Yang,1.0
48668.0,Jomana usama raouf ali,1.0
48702.0,Daniel Foster,1.0
28783.0,sofia9303,1.0
28730.0,Jay,1.0
28414.0,anahop,1.0
28811.0,Manash Gohain,1.0
28823.0,Zoey Herbst,1.0
31574.0,logan,1.0
31581.0,Muhammad Bilal,1.0
31271.0,TSPR 810,1.0
36065.0,a_cenizal,1.0
39059.0,NRrugby14,1.0
40108.0,Hannah RT,1.0
40346.0,Purp,1.0
40935.0,Ravi Mishra,1.0
46809.0,Ed_35,1.0
35705.0,codespeed_goder,1.0
39794.0,Zia Ullah Khan,1.0
34561.0,pi-sigma,1.0
34578.0,Christian Thomas,1.0
34434.0,Raees,1.0
34453.0,NotAnima,1.0
34464.0,escorts,1.0
34514.0,NeMaksym,1.0
34154.0,jay,1.0
34257.0,Oris,1.0
34883.0,Nate,1.0
39354.0,Mudit Golchha,1.0
40049.0,Achyuth Nandikotkur,1.0
25529.0,fattydimsum,2.0
25551.0,Igor Rocha,2.0
25748.0,Confused And Alone,2.0
32419.0,HelpMee,2.0
28069.0,TC5001,2.0
29186.0,Kenneth Flugrad,2.0
28974.0,Harsheen Rajpal,2.0
28294.0,RushT,2.0
45794.0,Morteza Ahmadzadeh,3.0
44292.0,FriedToast,3.0
28774.0,PaintingPlanes,3.0
28810.0,ucchasgfrank,3.0
28813.0,lektoakle,3.0
28900.0,Sudhip Nashi,3.0
28736.0,Nelson Stewart-Johnson,3.0
28669.0,Jonathan Simon,3.0
28949.0,Oskar Olsson,3.0
29176.0,Schwanendreher,3.0
28492.0,Imperator10111,3.0
28521.0,hatchet,3.0
28462.0,reignnz,3.0
29227.0,Natiloon,3.0
29322.0,stuttard,3.0
29335.0,J Sim,3.0
29493.0,goodmagnus,3.0
28269.0,Harshvardhan Patel,3.0
29583.0,Angel,3.0
29587.0,seyi catalyst,3.0
29313.0,Nicolas Sabate,3.0
29247.0,Louie Dichoso,3.0
28201.0,Z. Grinacoff,3.0
28157.0,Daniel,3.0
28161.0,Izzy Muse,3.0
28053.0,kcoak1,3.0
28178.0,user28178,3.0
29647.0,Victória Ester,3.0
29391.0,Rishabh Chakraborty,3.0
29616.0,007,3.0
28575.0,Ninety5,3.0
29464.0,adfelly,3.0
28154.0,ElektrikOx,3.0
29478.0,Jason Aravanis,3.0
29481.0,charlotte,3.0
29761.0,DyRi,3.0
29734.0,katja,3.0
29822.0,Arnaldo,3.0
29830.0,Sahil Tuladhar,3.0
29841.0,eduarda gouveia,3.0
29860.0,QueenofQuantum,3.0
29417.0,ac743,3.0
29363.0,TronTrix,3.0
28059.0,Mahindra Vijay,3.0
28071.0,Sajid Ansari,3.0
29876.0,human-tech,3.0
29885.0,maxilau,3.0
29269.0,ecco,3.0
29277.0,Reeman,3.0
29279.0,jaxk,3.0
29236.0,RK-83,3.0
29261.0,ayushed,3.0
29942.0,Catherine Mules,3.0
29943.0,tinomutendaishe msakwa,3.0
29948.0,vijay gopal,3.0
27973.0,Dan,3.0
27920.0,Rob,3.0
30972.0,pawa309,3.0
29121.0,user29121,3.0
29228.0,king2lc,3.0
29219.0,larsfoldager,3.0
29229.0,patrick sandoval,3.0
27891.0,Peter Heri,3.0
27941.0,mraabhijit,3.0
29217.0,sar2082,3.0
29619.0,mohammed shajahan,3.0
31014.0,athina.ap,3.0
29195.0,echorashmi,3.0
31019.0,Adam Mann,3.0
27575.0,MangaMole,3.0
31034.0,otter.spotter,3.0
31020.0,Matt R.,3.0
31058.0,Sean Synnott,3.0
31061.0,Alejandro Escobar,3.0
28025.0,Angie,3.0
31071.0,AlonsoLo,3.0
29104.0,Yeop Huen Yeo,3.0
29118.0,Shaurya Dey,3.0
31085.0,VVS232,3.0
31110.0,Sarah,3.0
31136.0,kenn92,3.0
31212.0,YoussefSaeed,3.0
29067.0,Patrick,3.0
29095.0,Dan Konstantinovsky,3.0
29051.0,Divyanshi Rawat,3.0
31251.0,Eduardo Moraes,3.0
31227.0,nmn,3.0
31286.0,Ansar Sherkhanov,3.0
27704.0,Tommillerstudio,3.0
25912.0,Rononoa Z,3.0
31289.0,James Olivier,3.0
31205.0,patriciajlim,3.0
28999.0,Apoorv Saxena,3.0
28716.0,Chris Causey,3.0
29021.0,Ben Daniels,3.0
31301.0,Agam Ario Wicaksono,3.0
31337.0,Samarth,3.0
28982.0,Antônio Gabriel Zeni Landim,3.0
28508.0,pizzastory,3.0
28951.0,Michael_Epstein,3.0
31355.0,chaud,3.0
31369.0,Drey,3.0
31393.0,Sanidhya Vijay,3.0
31129.0,Cooldude,3.0
31401.0,InfinitumGFX,3.0
31404.0,Angela Stoddard,3.0
31423.0,discopi,3.0
28895.0,Jordan Emmett,3.0
31446.0,Sush48,3.0
31466.0,Devplayer,3.0
31470.0,Labritzky,3.0
31449.0,E-Lian,3.0
28822.0,jeekchicken,3.0
28860.0,benedict,3.0
28872.0,Vincent Vasquez,3.0
31487.0,Raphael Schneider,3.0
28825.0,Hinchy,3.0
28789.0,Max Lunifeld,3.0
27475.0,NegiMox,3.0
31618.0,winterfly,3.0
31628.0,Paul Merceur,3.0
28754.0,Aladin Oliver Yu,3.0
31647.0,Enigma Frixion,3.0
31652.0,benjabit,3.0
31658.0,user14494384,3.0
31662.0,ZeiT,3.0
31667.0,Khulit,3.0
31671.0,troycramer,3.0
31672.0,kwesty,3.0
29735.0,1001-0101-0100,3.0
29608.0,Ciaran Egan,3.0
31692.0,nicolasalouf,3.0
28762.0,QZhang,3.0
28459.0,josh8011,3.0
28767.0,HackeR73,3.0
27419.0,julia marçal,3.0
27438.0,joechiri,3.0
28722.0,Daryl,3.0
31775.0,Marcelo,3.0
31696.0,cs50studnt2021,3.0
31790.0,MrTxo,3.0
29832.0,AbbiePBC,3.0
28733.0,Melt Gibsont,3.0
28723.0,Leoness,3.0
31820.0,arianwww,3.0
23520.0,Eliqwa,3.0
27389.0,Tan Yi Peng,3.0
27398.0,LZR789,3.0
31824.0,highpointer,3.0
31830.0,Olivia WU,3.0
29632.0,Sayyed Gauss,3.0
29634.0,Camila,3.0
29203.0,Artinxt,3.0
31408.0,laurens_noone,3.0
31776.0,yatoe,3.0
28660.0,elizaponsm,3.0
31960.0,Pedro Bogdanovich,3.0
27282.0,naju,3.0
31966.0,Nick,3.0
31998.0,mrseri,3.0
28557.0,Edward Porter,3.0
28566.0,Deniece-Ding,3.0
31964.0,user31964,3.0
31996.0,Idongesit,3.0
32057.0,Plinio José Amann,3.0
28484.0,Nivaldo Neto,3.0
28479.0,Jean Francois Boueri,3.0
32081.0,Sachit Bansal,3.0
26216.0,pri,3.0
32120.0,rio,3.0
32128.0,phomein,3.0
28302.0,hh1265,3.0
28458.0,dtcdtcdtcdt,3.0
28470.0,PeakyBlinder,3.0
32152.0,Abdul,3.0
29139.0,DigitalPancake,3.0
28543.0,Lautaro D. Futuro,3.0
29073.0,joemama12345,3.0
32187.0,Moamen elafifi,3.0
32213.0,K_lash96,3.0
32243.0,user3638166,3.0
32251.0,Ali Kocak,3.0
32273.0,GreenOneDream,3.0
32286.0,wakanda_official_tourism,3.0
28419.0,HAI LIN,3.0
32177.0,Marina Scalerandi,3.0
32334.0,yousef elsayed,3.0
32346.0,Imacrybaby,3.0
32357.0,Hamed,3.0
32392.0,braninpodolski,3.0
32316.0,tabacool,3.0
32416.0,1598523,3.0
32417.0,Mana Tahir,3.0
26083.0,Maelgwn,3.0
28340.0,Carrie von,3.0
28384.0,Henrique Baesa,3.0
28288.0,PRADEEP,3.0
32123.0,FriedrichGLX,3.0
25993.0,joe.,3.0
26019.0,Aathish Bhagwandhin,3.0
32547.0,Richard Cui,3.0
32429.0,Ansar Sherkhanov,3.0
32591.0,Samrat,3.0
28250.0,MADi,3.0
28252.0,Marco Aurélio Bomfim,3.0
37780.0,DJshelfmushroom,3.0
25941.0,haowei,3.0
32616.0,user16108583,3.0
32617.0,PeterWolfe,3.0
32649.0,Ryan Chua,3.0
32667.0,jamba,3.0
32689.0,srushti mund,3.0
32692.0,Hyukjae Ko,3.0
32356.0,esma hancer,3.0
28185.0,E V,3.0
32668.0,Cristian Estevez,3.0
32759.0,oms_CS50,3.0
28233.0,snowboly,3.0
25891.0,BadVariableName,3.0
28133.0,DaveS,3.0
32786.0,DarthVader,3.0
32804.0,user32804,3.0
28090.0,Rafe ,3.0
28087.0,James Lee,3.0
27792.0,aNdroid,3.0
25855.0,Lan,3.0
27963.0,Aahaan Sachin,3.0
32661.0,elfe,3.0
28665.0,Exodus Joel,3.0
32883.0,Fijn,3.0
33981.0,user33981,3.0
33994.0,panda384,3.0
32895.0,Nancy Mills,3.0
32716.0,Simi Dada,3.0
34064.0,Eyvie,3.0
34088.0,anonymous,3.0
34155.0,jaslyn lxt,3.0
34178.0,Inderveer,3.0
34126.0,shimurai,3.0
25787.0,saije,3.0
31093.0,sub2600,3.0
34247.0,Isabel García,3.0
27928.0,Ian,3.0
27923.0,Sergei Maslovskiy,3.0
34314.0,Mohamed Al-sarf,3.0
34330.0,colliedawg,3.0
34332.0,Marie,3.0
34338.0,shedfur,3.0
28223.0,Dustin Sanders,3.0
28160.0,Lukkar,3.0
34300.0,echothat,3.0
34409.0,Bob Cap,3.0
27875.0,meiam,3.0
27722.0,Francois Louw,3.0
27784.0,Oleg Kobeliatskyi,3.0
27812.0,sclemson,3.0
34549.0,diegobueno,3.0
28442.0,atr1,3.0
27816.0,NgKen0995,3.0
28344.0,wilburch,3.0
28357.0,Alpha Eon,3.0
34558.0,Red Ladica,3.0
27702.0,Ctouch,3.0
21304.0,yash1506,3.0
34701.0,Adi,3.0
34073.0,hawki2sl,3.0
34058.0,Guilherme H,3.0
34315.0,Aylin Naebzadeh,3.0
34773.0,Qusay Abu Auda,3.0
34814.0,Roger Roger,3.0
34810.0,Damien Lim,3.0
34878.0,user17470872,3.0
34893.0,Selena H.,3.0
27617.0,reillyderrick,3.0
27623.0,Ishan,3.0
34895.0,BH_ken,3.0
34903.0,aymencd,3.0
34996.0,Claire,3.0
27577.0,Damien Aries,3.0
27547.0,Liselotte Girke,3.0
27511.0,Paarth Rawat,3.0
27503.0,lurch101,3.0
27546.0,Alisa Azimova,3.0
35049.0,mohammed qadi,3.0
27287.0,wanjo,3.0
35157.0,Andrew Saad,3.0
25511.0,Rìan Copeland,3.0
25579.0,Ryan,3.0
35195.0,Cristian,3.0
35240.0,Jun_MacJun,3.0
35245.0,Aayed Hassan,3.0
28661.0,user3853194,3.0
35294.0,Preston So,3.0
35421.0,armn,3.0
28390.0,Mars,3.0
35475.0,J.Wallwork,3.0
35479.0,Astrophel,3.0
35488.0,javabeginner258,3.0
35489.0,Eric Morrison,3.0
35509.0,Darren,3.0
35534.0,Nebiyu,3.0
35553.0,user35553,3.0
35672.0,pampero43,3.0
35757.0,KidAmulet,3.0
35804.0,Shelby b,3.0
29273.0,Chen Shujuan,3.0
27276.0,oscar soberanes,3.0
26158.0,HumbleCauchyServant,3.0
35989.0,Sarwar,3.0
25506.0,thepaperrose,3.0
36013.0,Bing Bong,3.0
35222.0,Max Grossenbacher,3.0
36016.0,Steedy Speve,3.0
36114.0,Victor,3.0
28361.0,Marcus Chan,3.0
28834.0,Mihail_OLARU,3.0
29035.0,Tiago Marques,3.0
28564.0,BigTJ,3.0
36225.0,incog ,3.0
36226.0,GmasterAU,3.0
36192.0,mstack,3.0
36265.0,ibrahim,3.0
25402.0,Matt Stimpson,3.0
25329.0,Nerdikon,3.0
25435.0,Bryan Tay,3.0
36279.0,George ZaKhary,3.0
36281.0,jgoteam,3.0
26163.0,NicoEF123,3.0
36322.0,Ibrahim,3.0
36336.0,Setaganga,3.0
36273.0,Schmilp,3.0
36370.0,ruscias,3.0
36394.0,Gustavo Oliveira,3.0
7214.0,VAPORAS,3.0
23500.0,Krdz,3.0
35630.0,Avanoc,3.0
36412.0,hemingway_,3.0
36282.0,Amanda Alexandre,3.0
26145.0,Hoang Phung,3.0
36447.0,Aran,3.0
36470.0,Josh Schaeffer,3.0
36506.0,Dubgee,3.0
36518.0,kai.468,3.0
26129.0,tacologist,3.0
36607.0,Duodecimy,3.0
36608.0,VMČ,3.0
28063.0,funprog31,3.0
28065.0,Beth Burroughs,3.0
36624.0,step00,3.0
36649.0,Samartha Khare,3.0
36648.0,Pratheek Reddy,3.0
36664.0,Ajy_Chikn,3.0
36700.0,Anderson,3.0
36682.0,user14288642,3.0
36733.0,user8633459,3.0
26109.0,Grendernaz,3.0
26064.0,iluvexcel,3.0
26043.0,Asmat Ullah Khan,3.0
26115.0,PedroBinotto,3.0
28019.0,Heta,3.0
23718.0,teim,3.0
25280.0,pea23,3.0
36587.0,Alexandra Bartee,3.0
26072.0,Fra.9501,3.0
36950.0,Mohmed Sameh,3.0
36955.0,mad_oreo,3.0
24210.0,Emily,3.0
25243.0,KickItLikeSh,3.0
36975.0,EmTeeDubz,3.0
36570.0,Yash-902,3.0
37035.0,pc510895,3.0
37040.0,Abdullahi Omar,3.0
37080.0,Onion_in_1945,3.0
37069.0,Abdullah Shahzad,3.0
37110.0,lexicypher,3.0
36523.0,figuringitout101,3.0
37139.0,Anthony Jackson,3.0
24188.0,Paawan Angra,3.0
37158.0,CamWheeler135,3.0
37155.0,pythonlover20,3.0
37307.0,Jonathan Pittock,3.0
37313.0,Eat个apple,3.0
37326.0,Almira,3.0
37339.0,Abhinav Vutukuri,3.0
37354.0,Jay Donoghue,3.0
26024.0,user26024,3.0
25954.0,Closeupgamer,3.0
28640.0,Sparkles the Unicorn,3.0
27933.0,Mohamed Fakhr,3.0
26119.0,invader.zimm,3.0
37438.0,Mohamed Reda,3.0
37457.0,software_dev_wannabe,3.0
25933.0,sociallyinept,3.0
25759.0,Depricated1,3.0
24106.0,Nils R,3.0
24140.0,DylieWylie,3.0
25890.0,Niall,3.0
25892.0,Mateus Messias,3.0
37329.0,Neuquert,3.0
37506.0,mcweebus,3.0
37615.0,Shashidhar Nagaraj,3.0
37649.0,Sharl,3.0
37656.0,rasmusschaal,3.0
37341.0,turo,3.0
24058.0,Sayed Murad,3.0
24063.0,Ahmed Ibrahim,3.0
37706.0,Craig Bjerring,3.0
25877.0,pedromndias,3.0
27329.0,Neev Mehta,3.0
37642.0,BrassyGiraffe,3.0
37776.0,Brian,3.0
37793.0,thefriendlyg,3.0
37798.0,Ben Archbold,3.0
36734.0,Farbod Mirkazemi,3.0
37818.0,Yunus,3.0
37820.0,Chi Go,3.0
37847.0,daydayday1234,3.0
25685.0,cmk273,3.0
36479.0,Vail,3.0
37867.0,gilboa binshtein,3.0
37879.0,Arctic Fox,3.0
36748.0,ResistanceDown,3.0
27878.0,Nuo Wen Lei,3.0
37920.0,fth,3.0
25820.0,Jean-Pierre de Villeres,3.0
37960.0,shane,3.0
37981.0,5050j,3.0
37985.0,Muhammad Mustafa,3.0
37850.0,Jareg,3.0
38039.0,tkk,3.0
18407.0,Santiago,3.0
29591.0,Maurício Mota,3.0
38046.0,Emre Kırmızı,3.0
38003.0,nirraya,3.0
37709.0,e-zawadzka,3.0
25775.0,blakewp,3.0
25778.0,rajarshc,3.0
38153.0,Follang,3.0
23975.0,user23975,3.0
23991.0,Bolbis,3.0
38206.0,ssan,3.0
37652.0,Josh Eleazar,3.0
38265.0,Kbluhawk,3.0
38279.0,fawkeskc,3.0
38295.0,LukeD,3.0
27252.0,Maria Eduarda Silveira,3.0
38124.0,Pranay Kinra,3.0
38371.0,Marek Pecnik,3.0
30994.0,justforjan,3.0
28648.0,Grisu,3.0
38372.0,AdamBomb210,3.0
26236.0,Karen Mirkin,3.0
27768.0,Bhavik Roopchandani,3.0
27670.0,stormcloak,3.0
38383.0,Gilbert,3.0
38391.0,IDeRouck,3.0
25768.0,Chirag Khosla,3.0
37222.0,Walter Black,3.0
37906.0,Nervossom,3.0
38444.0,zendynar,3.0
38470.0,Varsedile,3.0
23901.0,DeemoAH,3.0
25736.0,Edward,3.0
38779.0,dbergkamp5,3.0
25621.0,Egill,3.0
25673.0,Mamba808,3.0
31226.0,rutgerv,3.0
31145.0,Andrew,3.0
31100.0,Le Thai Mai,3.0
29909.0,NENENE,3.0
47412.0,Stella,3.0
23837.0,francis,3.0
38786.0,SPCS50,3.0
38793.0,Sarpesh Malkapgol,3.0
38822.0,Ahmed Hesham,3.0
38612.0,Melissa Borg Sperandeo,3.0
25633.0,Mahmoud Ahmad,3.0
25608.0,denelan,3.0
38935.0,chonker,3.0
27560.0,Akshay,3.0
25610.0,Daniel,3.0
39092.0,MUKTANANDA MICHAEL STIMPFIG,3.0
38447.0,user3169426,3.0
25541.0,silencefog,3.0
25539.0,robmaci,3.0
25554.0,kylekibet,3.0
25559.0,juancopi81,3.0
24219.0,pidgetwitter,3.0
39400.0,Jumbot,3.0
39410.0,Yordaign,3.0
39419.0,Mostafa Abdelnaser,3.0
26057.0,ShippingTycoon,3.0
39505.0,Paul B,3.0
25499.0,chi.bui191,3.0
25503.0,samia,3.0
31254.0,MelPradeep,3.0
23738.0,Usi The Storm,3.0
39644.0,Rex Kartik,3.0
39497.0,Mohamed Amr,3.0
39597.0,molearns,3.0
25416.0,Nexus,3.0
39735.0,thisisjax,3.0
39790.0,Yanda,3.0
23816.0,Nealo888,3.0
27346.0,hello.21,3.0
27368.0,MatStac,3.0
26159.0,RK99,3.0
25380.0,Simon Rowe,3.0
23440.0,novabei,3.0
23387.0,Ricardo Leta,3.0
39990.0,ali rg,3.0
40000.0,Sailord2021,3.0
40044.0,Youssef Hamoda,3.0
40075.0,Croix How,3.0
40139.0,Mikail Kuehl,3.0
40145.0,deertom,3.0
25323.0,Lyle Boc,3.0
25363.0,jg123123123,3.0
25271.0,IVO PETROV,3.0
31668.0,Joesns,3.0
31758.0,D3sl0nG3r,3.0
40143.0,Wendy0921,3.0
36829.0,Michael,3.0
25261.0,royloth,3.0
26082.0,Shaz,3.0
40427.0,Nikolai Anisimov,3.0
24217.0,roy_t,3.0
23883.0,mdisandro2,3.0
25235.0,Trvl4fun,3.0
40501.0,I'm Confused,3.0
24150.0,Eduardo Cardoso,3.0
24162.0,Ahmed Alaa,3.0
40604.0,FSZer0,3.0
24134.0,jeffcnz,3.0
24138.0,Sviatoslav Pechurytsia,3.0
26022.0,ykwei,3.0
31983.0,sevo,3.0
31856.0,parapuffer,3.0
40757.0,Nathan,3.0
23910.0,rxndosiel,3.0
40493.0,Greg,3.0
25248.0,mollie8,3.0
23553.0,Deku,3.0
23985.0,Parthiban Bala,3.0
24002.0,asaf,3.0
23715.0,Henry,3.0
23956.0,Mary91gr,3.0
24045.0,Leah,3.0
24026.0,Lim Dion,3.0
23969.0,PresterJohn,3.0
24018.0,iEarvin,3.0
23993.0,iKevin090,3.0
23957.0,Joe Wolfe,3.0
23963.0,akezd,3.0
23965.0,dino,3.0
23936.0,firechip,3.0
28264.0,Aymene Cherradi,3.0
23804.0,Hassan Abdelazeam,3.0
32625.0,Yianni Kiritsis,3.0
32445.0,TheSimpathizer,3.0
22295.0,bishoy_smsm,3.0
23895.0,corvid,3.0
23859.0,Nga Vũ,3.0
41331.0,IsaacChrist Ikpe,3.0
23829.0,Kenneth See Dehui,3.0
23851.0,Stricha,3.0
42400.0,Berry6400,3.0
23791.0,Hussein Saad,3.0
23793.0,Duckyhelp,3.0
23802.0,tparadis,3.0
23693.0,Eric Forman,3.0
42727.0,msx68010z80,3.0
42742.0,coder12,3.0
42736.0,Victor Ukaegbu,3.0
42777.0,DiamondMonster09,3.0
42806.0,TomasSadone,3.0
42822.0,usmflor,3.0
32928.0,Drallas,3.0
32814.0,cheesecake,3.0
21532.0,Dan,3.0
25596.0,Hernan Garzon,3.0
25624.0,Stefan T,3.0
24113.0,hli,3.0
42856.0,DavidM,3.0
23769.0,Brooks Burris,3.0
22398.0,Viapacific,3.0
42979.0,mrtealover,3.0
43139.0,David De Silva,3.0
43160.0,Gugaan Shanmugam,3.0
43212.0,Tarek -Gamez,3.0
43251.0,mikegrid,3.0
25762.0,Ros Fortaleza,3.0
25675.0,Gilby reyes,3.0
23681.0,Anirudh,3.0
23703.0,Kat,3.0
23702.0,JulieG,3.0
23759.0,Ultor,3.0
43411.0,Dina Mohamed,3.0
43484.0,Richard Villafana,3.0
43557.0,Oliver Mai,3.0
34793.0,Edward,3.0
23685.0,js94,3.0
23639.0,Sam H. Merhi,3.0
44132.0,TrN,3.0
45952.0,Ahum Maitra,3.0
25780.0,Olivia Nina Walker,3.0
25839.0,KullideDev,3.0
32894.0,Amie,3.0
46261.0,user1605981,5.0
23877.0,westjoel,5.0
42849.0,StarBirds007,5.0
23662.0,Adri,5.0
11571.0,Hari07,5.0
24173.0,bumblehumble,5.0
38208.0,Alex Sugimoto,5.0
38245.0,Team,5.0
38627.0,Gold Isaac,5.0
37698.0,Selim Allen,5.0
25671.0,Indu,5.0
37998.0,Jae-Min,5.0
25630.0,owwix,5.0
35927.0,Dr. Whiskers,5.0
37547.0,Robbie,5.0
36990.0,dkevin77,5.0
26069.0,cs50fan,5.0
36569.0,Karl,5.0
36847.0,karlares,5.0
26028.0,Afrah Saleem,5.0
35345.0,jeddah,5.0
27289.0,Minsu,5.0
46971.0,Jeremiah happiness,5.0
27313.0,Andrewoca,5.0
34637.0,Sumith,5.0
25275.0,Jovanovic,5.0
32714.0,shaneinei,5.0
27364.0,Pedarun,5.0
34412.0,Thiranida Tangjadetanapon,5.0
27474.0,Maya,5.0
31380.0,Harry,5.0
27405.0,Martinf,5.0
31421.0,srikar amirneni,5.0
25836.0,lucidcloud,5.0
27962.0,Divij Jain,5.0
27896.0,mimi,5.0
34054.0,lalsez,5.0
28328.0,ZeevKeane,5.0
31063.0,Nomad,5.0
27549.0,ntm52,5.0
40428.0,boineelo,5.0
34396.0,пaean,5.0
31792.0,bobthebuilder,5.0
29594.0,M2718,5.0
30957.0,Valerie Bryant,5.0
35089.0,khalildouis,5.0
28691.0,soong,5.0
25489.0,Akarsh,5.0
31779.0,Summer Ng,5.0
28679.0,Siwon Lee,5.0
29528.0,Emily Rose,5.0
29136.0,Emil ,5.0
29225.0,Anon,5.0
31116.0,Mike1965SA,5.0
28815.0,KevinWGS,5.0
31674.0,frostyf33t,5.0
28799.0,t-monny,5.0
29364.0,111,5.0
29803.0,Vladimir Khudokormov,5.0
28608.0,Thomaslusignan,5.0
31505.0,user31505,5.0
31634.0,curious_kat,5.0
28866.0,Ana Cláudia Faria,5.0
29271.0,user29271,5.0
31050.0,Lisa,5.0
31043.0,cetins,5.0
31214.0,CodingForFun,5.0
36661.0,yosef,5.0
31358.0,Sheikh Ameen,5.0
28485.0,nzt2106,5.0
31323.0,Bob Tan,5.0
28995.0,Alan W,5.0
28998.0,Soya,5.0
31418.0,bw1968,5.0
28335.0,Bob,5.0
28683.0,JoshGrant5,5.0
28541.0,meh362,5.0
31216.0,Mazen,5.0
23228.0,AutodidAce,5.0
23389.0,M00nShotting,5.0
23868.0,rashad,5.0
30961.0,Roshan Lamichhane,5.0
40175.0,TrytoLearn,5.0
23896.0,perucoder,5.0
24024.0,philnikolo,5.0
24102.0,Criticalll,5.0
25847.0,speedy_catch,5.0
25272.0,Somit Jain,5.0
24191.0,AvisTai,5.0
42937.0,Fitzpatrick0909,5.0
42501.0,Alan Shenoy,5.0
23178.0,borebot,5.0
23640.0,bbeckca,5.0
23348.0,Aditya,5.0
37872.0,duckpro,7.0
31120.0,Sefram Carlile,7.0
39244.0,Soham Roy,7.0
31269.0,Saara Luthra,7.0
29575.0,Maria Macarena Garcia Michel,7.0
28514.0,lmcc,7.0
29486.0,Nicolas Solis,7.0
28325.0,catshat ,7.0
28170.0,EdCase,7.0
23835.0,Ethan Blackthorn,7.0
25493.0,AYA,7.0
23472.0,reem,7.0
21342.0,user21342,7.0
40410.0,faeyb,7.0
32002.0,l_b,7.0
31915.0,Tim Swinn,7.0
23741.0,Daniel Fernandez,7.0
23346.0,Antwan Samir,7.0
29563.0,David S,7.0
21510.0,John,7.0
23534.0,Optimus ,7.0
27596.0,IDK,7.0
31614.0,Drey',7.0
28268.0,HoopsLoops,7.0
28295.0,Sebastian Lares,7.0
27998.0,mikeli,7.0
32574.0,Rachel D,7.0
32280.0,Code Maker,7.0
27815.0,MarkB,7.0
31584.0,Pragati Chauhan,7.0
27394.0,Ayush,7.0
34137.0,user01,7.0
29167.0,Liz-Sod497,7.0
34381.0,Dylan,7.0
27352.0,Mark,7.0
27447.0,user8507808,7.0
29211.0,abbanator,7.0
25842.0,docnocturnal,7.0
26141.0,Fermin Bereciartua,7.0
25947.0,Matheus Lourenço,7.0
25783.0,CTK2019,7.0
35537.0,Leo8479500282664829200,7.0
28862.0,sxia,7.0
25732.0,mann__10,7.0
28177.0,Nick,7.0
28283.0,Pratham Dave,9.0
31678.0,Amos Ting,9.0
25365.0,andrewyazura,9.0
28244.0,G-Force7756,9.0
28602.0,Anurag Reggie,9.0
34377.0,nico_so,9.0
29154.0,beastlydude64,9.0
24171.0,Christopher White,9.0
32221.0,Steven George,9.0
23857.0,Rohit Jain,9.0
27442.0,Willis0,9.0
27851.0,Rayray94,9.0
23796.0,Amanda Ramirez,9.0
14636.0,Sion Williams,9.0
28493.0,Alejandro Sánchez,9.0
24077.0,Amber,9.0
24226.0,LippStick,9.0
23743.0,Omi11,9.0
29459.0,Leonidas Smiley,9.0
31653.0,Joy8144,10.0
32048.0,Doug F,11.0
31379.0,Amirhossein Safari,11.0
31733.0,Kutlwano ,11.0
31090.0,Neon Wombat,11.0
42452.0,if_indeed,11.0
42510.0,Seanie,11.0
44370.0,Nor Khairy,11.0
40021.0,santiago gordillo,11.0
39851.0,sajwan,11.0
40442.0,electrodarling,11.0
38821.0,Juan Alberto Chocca,11.0
38955.0,SAMIM Amiry,11.0
39277.0,Pran,11.0
38087.0,Lacept,11.0
10465.0,yogmel,11.0
38589.0,Jayy Griff,11.0
38538.0,Jack Maxwell,11.0
37443.0,Praise Olusomiji,11.0
37550.0,Shiwoo Lee,11.0
37665.0,snpay,11.0
37750.0,Youssef Joseph,11.0
37148.0,BrazilianEnthusiast,11.0
36996.0,Aurelio Dzib,11.0
35439.0,Alexander Siewert,11.0
35485.0,user2225491,11.0
36026.0,Prateek Chaturvedi,11.0
36576.0,Max Scialabba,11.0
35136.0,Min Wai,11.0
35164.0,Knowledged,11.0
36163.0,areks123,11.0
34034.0,waled noaman,11.0
34059.0,Ava,11.0
35038.0,madmonkey,11.0
32605.0,Sakamoto Alderson,11.0
32824.0,qwerty101,11.0
32803.0,Michelle,11.0
32921.0,Felix Chen,11.0
32930.0,001snake,11.0
31807.0,Jemx,11.0
32344.0,Towls,11.0
31159.0,p-lamiche,11.0
31260.0,squiggles,11.0
29525.0,Rachel Pospíšil,11.0
29514.0,thefailagent,11.0
29517.0,adgrutta,11.0
29652.0,nfanahotmailcom,11.0
29738.0,Vince,11.0
29805.0,fer 545,11.0
28933.0,Ricky,11.0
31038.0,Arya IC,11.0
29257.0,SMJ,11.0
29304.0,Ian Samir Yep Manzano,11.0
29347.0,Avaneesh Tisgaonkar,11.0
29387.0,Yoda,11.0
28718.0,xander,11.0
28747.0,Daniela Segura,11.0
28918.0,prasadpradyumna,11.0
28903.0,perkuche,11.0
28907.0,Manjaree Agarwal,11.0
29022.0,Aaron Shotwell,11.0
29010.0,Brihu Sundararaman,11.0
29045.0,Sajeeb,11.0
29109.0,Javohir Abdullayev,11.0
28317.0,Nabeel Official,11.0
28432.0,Khas Tricks,11.0
28455.0,Seun Adeyemo,11.0
28647.0,Alisher Aliev,11.0
28420.0,Alfonse,11.0
32780.0,Yash Khandelwal,11.0
28024.0,DanielDances,11.0
32476.0,Alex,11.0
28168.0,Felix Kioe,11.0
28207.0,Shujie Zhang,11.0
31432.0,Raghav Gupta,11.0
27760.0,Alex Shevchenko,11.0
34254.0,Mirela Buruiana,11.0
32551.0,Lam Nguyen,11.0
35048.0,Calvin Lee,11.0
35032.0,Patsy Lin,11.0
27375.0,dantecostabile,11.0
27663.0,DavidLS7,11.0
27481.0,michael,11.0
32586.0,TimL,11.0
26041.0,JackJack,11.0
28966.0,Flo,11.0
35404.0,MOHAMAD IBRAHIM,11.0
36702.0,ITz_tact1cz,11.0
36658.0,Fayek Ahmed Rahat,11.0
21967.0,Sheikh Munawar,11.0
23463.0,Jereld Lim,11.0
37695.0,Eva Chen,11.0
25758.0,Daniel Campbell,11.0
37681.0,123ewqeins,11.0
37340.0,Julian Rodrigues,11.0
37395.0,user3348445,11.0
24227.0,S. Sabry,11.0
25417.0,Cheryl,11.0
23212.0,user10661325,11.0
24186.0,Andy Cheese,11.0
25637.0,mo_coder,11.0
32219.0,J Bellis,11.0
25238.0,FutureManhattan,11.0
40028.0,Berra Eylül Toprak,11.0
25364.0,Joe Guernaccini,11.0
23782.0,demo2019,11.0
20152.0,Librarian,11.0
32067.0,free_radical,11.0
23999.0,Elena Kalema,11.0
25683.0,Afonso,11.0
24224.0,William Chan,11.0
25228.0,Ahmedalsa,11.0
23554.0,Entonis,11.0
23552.0,Rudolf Fonseca,11.0
35000.0,monkdogz,11.0
23943.0,GuillaumeRbt,11.0
27363.0,auron98,11.0
42770.0,subhasis dehury,11.0
42784.0,Satyam Lal,11.0
26176.0,Pete,11.0
43554.0,Ziyankhan Pathan,11.0
42628.0,Konark Mittal,11.0
29419.0,azh412,11.0
40391.0,Patrick Connolly,11.0
28382.0,timmy a,11.0
28352.0,cristobal chavez,11.0
28101.0,Karan Dhanak,11.0
41142.0,rida brahim,11.0
42443.0,Manford G.,11.0
27590.0,earlpanda,11.0
32886.0,Yassen Redwan,11.0
34036.0,Valentin,11.0
39524.0,Jaime Hutchins,11.0
39810.0,Shawn Burns,11.0
31837.0,Reba Philip,11.0
31900.0,Keiyeung Law,11.0
40306.0,Paul McCormick,11.0
29938.0,JerryTn,11.0
38158.0,Ziad Ayman,11.0
40637.0,Thejus,11.0
37970.0,JHo,11.0
38490.0,Ahmed ElToukhy,11.0
35928.0,ra1222222,11.0
39782.0,Ashrth,11.0
35452.0,turanzela,11.0
34189.0,Aleksei Díaz,11.0
38994.0,weary-explanation-91,11.0
39085.0,Certified Bibliophile,11.0
39221.0,ME Desings,11.0
35814.0,NotEntirelyAwake,11.0
42606.0,Maciej Zamojski,11.0
41304.0,scrypter,11.0
41258.0,Sumit Jaidka,11.0
40918.0,fazliddin fayziev,11.0
39992.0,Ed Vartanian,11.0
40806.0,superpav,11.0
40653.0,temiboy,11.0
40519.0,Bryant Rusli,11.0
40245.0,ifajardo,11.0
39247.0,Geoff,11.0
25825.0,Nic Jaws,11.0
25936.0,The Wild Haggis,11.0
25771.0,Inju69,11.0
36693.0,Noflik,11.0
25813.0,Pietro S,11.0
26046.0,Hama Ijaz,11.0
25725.0,Suman Chapai,11.0
25692.0,Tet,11.0
25352.0,Yuvan Seth,11.0
24061.0,AgataMaria,11.0
35100.0,JacK,11.0
23624.0,user1615102,11.0
27758.0,Ewan,11.0
27727.0,cook,11.0
31368.0,EddyBeor,11.0
27946.0,Vipul Saluja,11.0
38507.0,ha6co,11.0
28386.0,harshdeeply,11.0
27409.0,jankendrick,11.0
27311.0,Jen,11.0
39866.0,amirh_far,11.0
34124.0,Siddhant Jha,11.0
29202.0,Istalrì 888,11.0
28738.0,Edward Bernal,11.0
28567.0,user13575825,11.0
26093.0,James Page,11.0
38291.0,helpme_pls,11.0
35954.0,berdna,11.0
36075.0,Namy,11.0
23098.0,Karthik G M,11.0
28444.0,Solancia,11.0
28067.0,Jennifer Crawford,11.0
28409.0,Santiago Pérez,11.0
28396.0,Женя Хромов,11.0
28226.0,jeff,11.0
27967.0,Xavier Villà Aguilar,11.0
29102.0,ashish khanka,11.0
28618.0,CurlJBC,11.0
31773.0,JanQuadrantVincent,11.0
27794.0,Jorge Guzman,11.0
29944.0,Nikhil Bararia,11.0
29378.0,Snow,11.0
29243.0,Brian,11.0
29007.0,hannahjg,11.0
35738.0,Jean-Marc,11.0
28208.0,finlay,11.0
28932.0,wonderfulhumanbeing,11.0
28596.0,jrobson,11.0
26147.0,keg504,11.0
36561.0,Zweistein,11.0
28818.0,David,11.0
28755.0,OutisMetis,11.0
40079.0,aladinus,11.0
40772.0,Seamus Connolly,11.0
40544.0,Xenoshell,11.0
24012.0,Abrehman20,11.0
41022.0,Arrianne,11.0
23953.0,bbNicky,11.0
23917.0,Anastasy Korobetskaya,11.0
41111.0,Loves Mathematics,11.0
40845.0,Blacov.,11.0
23317.0,AK2150,11.0
31474.0,Mazen mohammed,11.0
31472.0,user14880981,11.0
31650.0,Martin Birkeland,11.0
37003.0,tiredoftry,11.0
47449.0,Arunima Paul,11.0
47732.0,Rifat Piantumu,11.0
48195.0,Sravya Pratti,11.0
48276.0,Mohammad Fazal,11.0
23607.0,counterterror ,11.0
45965.0,Dim-Chance,11.0
46022.0,Lubette van Olffen,11.0
41119.0,Calapsy,13.0
29460.0,Ryan,13.0
27496.0,Jennifer Brown,13.0
33974.0,Shaun,13.0
21569.0,dsaba123,13.0
29241.0,TokieSan,13.0
43668.0,Oscar Harding,13.0
34590.0,givikap,13.0
34278.0,Michael Puckett,13.0
34307.0,MaeT,13.0
32487.0,SeraphinaGG,13.0
32676.0,Fatmah Faridi,13.0
29032.0,Ralph,13.0
27598.0,Matthew McGuire,13.0
28134.0,Nate,13.0
29328.0,smitha,13.0
40999.0,Ivan Torres,13.0
28298.0,Jason C,13.0
35108.0,CAM_etal,13.0
29028.0,Pete Setabandhu,13.0
29106.0,Thomas H,13.0
37900.0,Ritam Debnath,13.0
29469.0,xxtan1,13.0
25430.0,JasonTheMarketer,13.0
35381.0,Naveen sharma,13.0
35204.0,adxyadxy,13.0
40511.0,Parth Munjal,13.0
29504.0,needhelp32,13.0
32053.0,Daniel Siman,13.0
29479.0,Raiyan Rabbani,13.0
40838.0,Belasco,13.0
40089.0,user40089,13.0
26247.0,mylifeasjas,13.0
31360.0,Razu,13.0
26175.0,tmichal2,13.0
40380.0,user40380,13.0
29674.0,Lucas C.,13.0
29003.0,ddinh9978,13.0
35585.0,Bagazega,13.0
40867.0,techno adnan,13.0
40843.0,Ahmed Hussien,13.0
40841.0,Alkir man,13.0
38420.0,user21380365,13.0
25340.0,Dohsure,13.0
43287.0,Abhishek Gupta,13.0
40093.0,Sam Lehmann,13.0
27789.0,sumer fattoum,13.0
39614.0,Nicolò Tiraboschi,13.0
39545.0,liza,13.0
39528.0,Hecos,13.0
32011.0,Mohamed Shawky,13.0
31942.0,João Victor Schiavon,13.0
29871.0,amew646,13.0
31512.0,James Rosen,13.0
38996.0,Upicky Rizek,13.0
31517.0,Lovely Locs,13.0
23974.0,Isaac Vernon,13.0
42870.0,Manny,13.0
23964.0,Student1,13.0
23924.0,Oleg Riabov,13.0
31544.0,vpgr,13.0
31642.0,blancei,13.0
28838.0,Izzy,13.0
28768.0,real trash,13.0
23889.0,curious4ever,13.0
23824.0,Jeevan Kumar,13.0
43474.0,Quốc Trí Nguyễn,13.0
41058.0,Subhan SA,13.0
31326.0,Lim Yee Wee,13.0
27606.0,Kalahari,13.0
28483.0,Luana Nunes,13.0
28790.0,Niha Rika,13.0
23587.0,Deadward,13.0
31143.0,TechSpy,13.0
28142.0,Pixces,13.0
29145.0,rdauncey,13.0
22265.0,Jelmer den Hertog,13.0
43367.0,Sergei Srednyak,13.0
23906.0,Joe Gancher,13.0
23577.0,ian_b,13.0
40829.0,Leyzer,13.0
29177.0,Disierd,13.0
29903.0,m.ravetch,13.0
38129.0,Tuhin,13.0
41115.0,faarn,13.0
24076.0,Sock Games,14.0
32729.0,Lperino,14.0
23526.0,Marudhu Paandian Krishna Kumar,15.0
27738.0,Henk van der Bank,15.0
23185.0,Raebbit,15.0
23690.0,patrickw,15.0
21377.0,MikaelH,15.0
23982.0,Gabriel Saul,15.0
40189.0,Raheel A,15.0
25958.0,Juan Carlos Marcos Prieto,15.0
28972.0,Uzayer Masud,15.0
28911.0, kittensyzygy,15.0
34131.0,khalil_dev,15.0
32562.0,Cathy Choo,15.0
27533.0,Keith,15.0
35055.0,therubberduck,15.0
34161.0,aksharrastogi,15.0
35602.0,the-great-potato,15.0
40565.0,Tiler99uu,15.0
29174.0,Kevin Rodriguez,15.0
28794.0,Matthew,15.0
36307.0,Soumik,15.0
25321.0,Nic Moe,15.0
38732.0,Victor Araya,15.0
31225.0,VooDooDarkMagic,15.0
32868.0,danieljmoore3,15.0
29510.0,Menna Azban,15.0
27675.0,JoeH,15.0
28098.0,AwesomeRAG7,15.0
31032.0,Tanya Pleau,15.0
29108.0,Neus F.,15.0
29602.0,Jaime,15.0
28664.0,Olhuwhorlhey,15.0
29298.0,Kelvin Winspinger,15.0
35193.0,amaka,15.0
29524.0,Mika-Anne Reha,15.0
43670.0,Adrian Carlton Mills Pacheco,16.0
28577.0,rickyc,16.0
37268.0,jay shah,16.0
28282.0,Sow03,16.0
23911.0,Vladimír Ondrášek,16.0
31729.0,Hitham7,16.0
27423.0,Julien Mills,16.0
28332.0,Marcello Palucci,16.0
39386.0,Kareem R.,16.0
14162.0,Sarabjot Singh,17.0
23262.0,Jgoren,17.0
39931.0,Anna,17.0
23525.0,jiayou,17.0
28454.0,Susanna Dafna,17.0
40828.0,enzo,17.0
29490.0,user29490,17.0
28769.0,santiago correa,17.0
31739.0,Melvin ,17.0
29058.0,SirenLu,17.0
29107.0,mushie2,17.0
28657.0,gregory,17.0
31189.0,Dre Johnson,17.0
25408.0,Talim,17.0
38419.0,Alvaro-Neyra,17.0
23898.0,CeNiEi,17.0
28875.0,starbvuks,17.0
32610.0,Mohamed Hassan,17.0
37644.0,Mariano MF,18.0
28395.0,Activity Uday,18.0
31610.0,Moavia Adeel Sheikh,19.0
19787.0,Pexan,19.0
31660.0,WhatEvenIsCoding,19.0
35800.0,Vincent Xu,19.0
27283.0,GFitzP,19.0
23380.0,Dawienchi,19.0
31909.0,ehsansth,19.0
32027.0,AS-Nath,19.0
28209.0,dubflicker,19.0
27566.0,Renée,19.0
28668.0,Ewan Willsmer,19.0
38672.0,Zahra Arjmandi,20.0
27657.0,Srushti Kanade,20.0
25451.0,Sergei Iakimchuk,21.0
25483.0,Steff,21.0
32817.0,Daniel,21.0
41328.0,Dallas Vienneau,21.0
29037.0,njxue,21.0
29556.0,smartinmelbourne,21.0
32775.0,paulxl,21.0
25357.0,Blessing ,21.0
40023.0,Namdroidd,21.0
37821.0,Matt Wise,21.0
27328.0,dragoogm,21.0
35583.0,Devin Ruy,21.0
23931.0,Harshita Nag,21.0
40500.0,Yusif elkamshushi,21.0
40941.0,Elij,21.0
40094.0,Abdullah Ali Abbasi ,21.0
39785.0,Chen Avery,21.0
29437.0,Jay MiNZ ,21.0
29094.0,Z Jiang,21.0
25900.0,MkItReignn,21.0
29865.0,Fabio Mancin,21.0
37569.0,ljsmith,21.0
31656.0,duane gadama,21.0
35291.0,Acetaminophen,21.0
31744.0,Seamus McGill,21.0
39883.0,Jeff,21.0
34873.0,Programming 55,21.0
27374.0,Graefetyp,21.0
27852.0,hijab zehra,21.0
35546.0,melbel,21.0
35190.0,TomOrrow,21.0
10155.0,BMavhungu,21.0
29138.0,Ashley Hames,21.0
40890.0,Yazkis,21.0
28204.0,Brandon Zemel,21.0
27557.0,Johann,21.0
38682.0,Asif Dawood,21.0
21912.0,Prashant Singh,21.0
28404.0,Hideo,21.0
41029.0,Goonygoon84,21.0
29317.0,Aman Singh,21.0
34983.0,geman20,21.0
39398.0,Chris,21.0
21800.0,Brian Smith,21.0
27680.0,Shahbaaz,21.0
38256.0,Rafael Luis Ferreira,21.0
29165.0,Krishnakumar,21.0
41240.0,Julia ,21.0
35864.0,Maria,21.0
44034.0,LP Anderson,21.0
17148.0,richa sharma,22.0
25537.0,kamil,23.0
38224.0,Kiki McArron,23.0
39531.0,Anas Amer,23.0
37997.0,Mladen Kajasa,23.0
29001.0,gargi,23.0
29268.0,Aarav,23.0
37263.0,Bharath V,23.0
25963.0,yui,23.0
23334.0,jing wei,23.0
40415.0,Ganymede,23.0
34717.0,x code,23.0
31970.0,user13641095,23.0
31988.0,Nobody,23.0
25831.0,reham501,23.0
28424.0,jesal,23.0
27808.0,jReX,23.0
28099.0,luk020,23.0
24009.0,Nontro,23.0
41030.0,Captain Nemo,23.0
28169.0,Dave,23.0
27865.0,Olivia,23.0
34013.0,xinyis348,23.0
23544.0,jsyf,23.0
31972.0,Alexander Alexandrov,23.0
31388.0,YMeng,23.0
28829.0,Carlos Gonzalez,23.0
28709.0,MO_TM,24.0
23423.0,Sean Cheng,25.0
34592.0,Tressa Sharma,25.0
28778.0,JFTrees,25.0
28118.0,Bethany,25.0
25697.0,Taras  Lysak,25.0
20853.0,James,25.0
25496.0,rajacs50,25.0
32301.0,orangecat94,25.0
25616.0,junyuanjyjy,25.0
25331.0,Canderson115,25.0
35575.0,Ehsan_hrz,25.0
43755.0,MintJungle,25.0
28804.0,Iris A San Juan,25.0
37763.0,Danyal Ahmed,25.0
31895.0,Aamon Van,25.0
27427.0,wardthomas17,25.0
31507.0,Niharika,26.0
27767.0,pawelduzy,26.0
32933.0,HARSH DEVMURARI,26.0
25779.0,beanonguy29,26.0
28816.0,Oadeniran,26.0
37779.0,Jacqueline Des Rosiers,26.0
39722.0,divingbeetle,26.0
37580.0,Bruno Costa,26.0
37890.0,Ross Haselhurst,26.0
28871.0,AlStorm Prime,26.0
40046.0,FFF,26.0
29494.0,Aneesh Kandrakota,26.0
31920.0,Manuel,26.0
28830.0,enszrlu,26.0
36642.0,Kirsten,26.0
29813.0,David Rosendorf,26.0
29421.0,snk,26.0
27468.0,Trung Nguyen,26.0
28120.0,Alex Void,26.0
28983.0,Graham McLeish,26.0
25341.0,Jason Chu,26.0
28183.0,Pelux,26.0
28894.0,Gaspar Zuker,26.0
26209.0,Rokke,26.0
34689.0,luddite1811,26.0
36951.0,Mayuresh Choudhary,26.0
28687.0,Felix,26.0
38314.0,SindreV,26.0
26152.0,Anil George,26.0
27929.0,FAT UNEMPLOYED MIDDLE-AGED NIN,26.0
25744.0,Astha Jain,27.0
25488.0,Chesny,27.0
38342.0,They think im slow EH,27.0
38722.0,REJEN RJ,27.0
31834.0,c_dinosaur,27.0
41082.0,Rae,27.0
31716.0,Arsham,27.0
29869.0,Carl Singleton,27.0
26237.0,Sorphil,27.0
25283.0,Charlie Sierra 50,28.0
29536.0,milar5,28.0
29256.0,John Yang,28.0
38258.0,Longeloe,28.0
32514.0,jodok,29.0
40152.0,UTHAYAKUMAR UTHEETHAN,29.0
37722.0,Abaci,29.0
28863.0,switchblade,29.0
7369.0,buitri84,29.0
29446.0,333PPP,29.0
37131.0,Joseph J Filoramo,29.0
29305.0,Ruben Alias,29.0
34945.0,Alvaro Barboza,29.0
28097.0,ammar79797,30.0
29350.0,guy,31.0
27719.0,Jon Merladet,31.0
38467.0,Crypt0xyc,31.0
35623.0,Sanket Pagadpalliwar,31.0
39628.0,Seth ,31.0
23656.0,flintEastvood,31.0
27319.0,Kevin Crosson,31.0
31666.0,Augusto Barbosa Arraes,31.0
28604.0,Mohamad Chaltaf,31.0
28997.0,Gloria Isedu,31.0
30953.0,Hamster1303,31.0
25770.0,wolv,31.0
32549.0,LorenzoPeve,32.0
26184.0,hrithikbansal,33.0
34518.0,jonathandavis,33.0
25844.0,yoyo Ahmed,33.0
25546.0,Cris Gonzalez,33.0
31115.0,dillon__nguyen,33.0
27445.0,AK-CHP,33.0
35106.0,Miloš Nenadić,33.0
41036.0,Stavros Marinos,33.0
38232.0,scarmonies,33.0
23428.0,KayO133,33.0
24183.0,ox0o,33.0
36942.0,Eva,33.0
41196.0,Athi,33.0
27429.0,Rob Watt,33.0
28088.0,W4veZer0,34.0
28833.0,Aftab Ansari,34.0
28234.0,IrishBumfuzzle,34.0
32245.0,Orbey Paltaci,34.0
41049.0,Craig D'Silva,35.0
19664.0,Ash,35.0
28655.0,Aarti,35.0
31725.0,Aya Othman,35.0
9866.0,DataDan,35.0
24204.0,Ada,35.0
15282.0,stephen Ong,35.0
38155.0,Harr,35.0
32873.0,Eystein Thanisch,35.0
27916.0,Dineth Hettiarachchi,36.0
28663.0,Georgia van der Zalm,36.0
34792.0,Sillycrackers,36.0
32708.0,Damian Danner,36.0
23903.0,langoth,36.0
19863.0,Pot Noodle,36.0
29341.0,Lakshya Dugar,37.0
26111.0,Bilal Junaidy,37.0
25547.0,KeleosWilliam,37.0
34437.0,turbulenttangles,37.0
32943.0,Ahmed Elbessfy,37.0
28265.0,Farron Lourens,38.0
1596.0,rss81,39.0
40127.0,theauthor,39.0
36422.0,Sifiso Lucolo Dhlamini,39.0
35698.0,shiva kharbanda,39.0
23105.0,Adam DeCaria,39.0
40802.0,Alaa Hamoush,39.0
40220.0,Mia W,41.0
41005.0,AmyG,41.0
32908.0,emichester,41.0
26245.0,Robin,41.0
29034.0,Duncan McAlister,41.0
40623.0,Grace ,41.0
24044.0,Ryan Hinchliffe,41.0
29141.0,iliketurtlz,42.0
3054.0,LeVl,42.0
23566.0,grggthwrth,43.0
23675.0,thunderbirds1414,43.0
29342.0,Wh0am3ye,45.0
29784.0,Dynamo Denis,45.0
28102.0,Melvin Kok,46.0
24068.0,rassenguy,46.0
26222.0,Azha Balouch,46.0
22025.0,Jacob Pieczynski,46.0
29343.0,Ysoni18,47.0
28620.0,Arvind R,48.0
31347.0,cormacl,48.0
25915.0,Mahmoud Mohamed,49.0
26039.0,Bijacz,50.0
29380.0,mishka,51.0
28530.0,Egor Fedorets,51.0
23920.0,Martino,51.0
26031.0,Pushpit Bhardwaj,51.0
34913.0,Axolotl,51.0
31899.0,StrictHornet,51.0
26138.0,Areen,51.0
35072.0,sarah zaccagni,51.0
25411.0,Musical_Ant,51.0
24213.0,Varun Beluguli,51.0
23007.0,Hana Ali,51.0
27399.0,Sean,53.0
34002.0,General Noob,53.0
31207.0,RubyShanks,54.0
27361.0,Michael Weiser,55.0
23805.0,Jn Wu,55.0
15512.0,Karin,59.0
36643.0,souttawther,59.0
32069.0,ckruf96,61.0
25298.0,Lurch,61.0
26107.0,Marianna,61.0
28527.0,getsendy,63.0
25801.0,azb1297,63.0
28706.0,mkg15,67.0
25704.0,Daniel Hering,67.0
32363.0,Matrix,67.0
26114.0,Wyatt McLaren,67.0
41028.0,Yuya Ito,69.0
23833.0,Nikola,71.0
35036.0,devinder,71.0
31138.0,Crisp_Coder99,71.0
23332.0,Amber,73.0
37896.0,Ennio Cano,74.0
17327.0,Joel Banks,75.0
35382.0,Wajeeha Abid,76.0
27795.0,CSsucks,76.0
32327.0,Splendid Digital Solutions,77.0
28103.0,ALL,78.0
27362.0,ayeeitsalpha,79.0
36491.0,kbl,79.0
26130.0,drl,81.0
29396.0,Edwin Thomas,81.0
27827.0,Kavija Karunarathna,83.0
34027.0,Guyyom,83.0
21816.0,Nicknapoli82,86.0
28531.0,MWD,86.0
9740.0,Belen,87.0
25687.0,donyd,90.0
25316.0,M Imam Pratama,97.0
31280.0,ron_g,99.0
40177.0,wheleph,99.0
25885.0,Alberto Tono,99.0
34649.0,José L. Patiño,100.0
34569.0,Tanisha Daharwal,101.0
34837.0,marceline,101.0
35899.0,Ilan,101.0
38469.0,Martund,101.0
25691.0,Simba,101.0
27876.0,marcus,101.0
39701.0,user1576396,101.0
35574.0,shah sawood,101.0
38168.0,Yuri Titko,101.0
37342.0,fideli,101.0
32922.0,Sloth87,101.0
31484.0,473183469,101.0
25694.0,Reversed Engineer,101.0
29754.0,Kahan Bhalani,101.0
32569.0,Daniel Chettiar,101.0
32599.0,Ray,101.0
39257.0,Sunnat Amirov,101.0
32167.0,Samu R,101.0
25713.0,Jze,101.0
29739.0,Jerome S. Patrick,101.0
24182.0,Linux Geek,101.0
37189.0,katoy,101.0
26012.0,Sandesh Goli,101.0
31310.0,Huzaifa,101.0
25268.0,PersonWithName,101.0
34830.0,Uros ,101.0
7209.0,ricmarques,101.0
27744.0,S. Miller,101.0
32466.0,Ruben,101.0
38873.0,Rutuja,101.0
20307.0,unacorn,101.0
36070.0,Anonymous coward,101.0
36198.0,ali b,101.0
36274.0,Sergey Solod,101.0
31661.0,user258081,101.0
31704.0,Ananth,101.0
25824.0,user71812,101.0
35230.0,Mike Osborn,101.0
28649.0,harry hartmann,101.0
25786.0,xunux,101.0
32871.0,Richard210363,101.0
40374.0,O_o,101.0
31027.0,NoNickAvailable,101.0
25720.0,Loran,101.0
35173.0,H_R,101.0
43075.0,littlerufe,101.0
29926.0,Flose,101.0
28552.0,bloomsdayforever,101.0
23704.0,Anton Ödman,101.0
32529.0,srilakshmikanthanp,101.0
39272.0,C0G1T0,101.0
23893.0,agraffe,101.0
37758.0,IgorArnaut,101.0
29131.0,Des,101.0
37607.0,matt.mcg,101.0
31018.0,KevinCK,101.0
27970.0,Eleandro Duzentos,101.0
34144.0,Mohammad Sadra Sharifzadeh,101.0
34638.0,David,101.0
26002.0,Neri,101.0
23723.0,PlsBuffMyBrain,101.0
36930.0,parmer_110,101.0
35920.0,Noah,101.0
28091.0,Najaaz,101.0
38746.0,VaVa,101.0
27990.0,Pontakorn Paesaeng,101.0
27681.0,Andrew Micallef,101.0
27779.0,Philippe Haumesser,101.0
24095.0,Ali Shehzad,101.0
40448.0,ozkary,101.0
23711.0,Lili,101.0
35178.0,Lychas,101.0
43774.0,Lewkrr,101.0
42976.0,Mestica,101.0
34681.0,Chakib37,101.0
28509.0,iaminsensible,102.0
23635.0,Groverkss,103.0
17323.0,BruceM,103.0
27559.0,Voctave,103.0
23939.0,southernKid33,103.0
35469.0,Jason Chu,103.0
34570.0,Bhavik Khatri,103.0
37539.0,Atharva Deodhar,103.0
38324.0,Black Beard,103.0
40716.0,Mohammad muazzam ali,103.0
27672.0,c_c,103.0
27674.0,djack109,103.0
38306.0,DigiLive,103.0
28236.0,Tii,103.0
26062.0,Aniket Thomas,103.0
23872.0,joelanbanks3,103.0
24165.0,tomas-silveira,103.0
31691.0,Stuey17,103.0
24028.0,Chintan,103.0
28867.0,user5854648,103.0
25818.0,Rowan,103.0
25795.0,PKiong,103.0
25821.0,Florestan Korp,103.0
29495.0,Marijn,103.0
37309.0,thomas,103.0
31534.0,Luke,103.0
31573.0,rand_program,103.0
31882.0,bobuhito,103.0
29398.0,Manav Dubey,103.0
28034.0,Stephan Bakkelund Valois,103.0
4555.0,TheOnlyAnil,103.0
28245.0,Meisam Mulla,103.0
32655.0,David S,103.0
36244.0,Emir,103.0
29280.0,An Ant,103.0
25764.0,Enis Arik,103.0
32186.0,Abhyuday Vaish,103.0
37737.0,F. Zer,103.0
28570.0,tangolin,104.0
25625.0,PotatoesFall,105.0
27428.0,Kelly,105.0
26239.0,riemann_lebesgue,105.0
25940.0,monkey king,105.0
29683.0,Amruth Arunkumar,105.0
23294.0,snejame,105.0
28210.0,RandomForestRanger,105.0
18455.0,BusyProgrammer,105.0
29265.0,Matías Gómez Seeber,105.0
29075.0,Hrvoje T,105.0
29330.0,Aladdin,105.0
23885.0,Tanishq Kumar,107.0
24214.0,Pierre,107.0
29578.0,paula.em.lafon,107.0
32022.0,Connie,107.0
28766.0,Shruti Katpara,109.0
28400.0,andream,109.0
23908.0,Amit Rajaraman,109.0
38468.0,Mailbox,111.0
27586.0,Micah Lindley,111.0
27483.0,DP12345,111.0
37629.0,Aleksey Tsalolikhin,111.0
28593.0,xjcl,111.0
14584.0,Sergi ,111.0
40633.0,Marco Panichi,111.0
23618.0,John Allison,111.0
23549.0,android_baby,111.0
24159.0,fabrizzio_gz,111.0
37292.0,bon_homie,111.0
32600.0,Konstantinos,111.0
34619.0,John Smith,111.0
37848.0,skytwosea,111.0
39840.0,obaino,111.0
3256.0,memilanuk,113.0
37604.0,Eric Engel,113.0
26203.0,roman465,113.0
25284.0,Chris,113.0
35755.0,leftcase,113.0
24031.0,theberzi,113.0
42718.0,Ben Kovitz,113.0
28180.0,person the human,115.0
24110.0,Alex,115.0
25277.0,tejasvi,115.0
23235.0,wolfbagel,115.0
32145.0,Multiplify,117.0
25257.0,uroboros,118.0
28538.0,Ethan Mark,119.0
36744.0,Edouard,121.0
35187.0,Ola Ström,121.0
36778.0,Jack,121.0
28836.0,Mike,121.0
31875.0,the_midnight_developer,121.0
25427.0,Budi Salah,123.0
31249.0,MestreLion,123.0
25478.0,Rustam A.,124.0
31105.0,user14567126,125.0
31743.0,Sakib Arifin,125.0
27594.0,hungtran273,126.0
31478.0,iamakhilverma,126.0
31596.0,Rajat Shenoi,126.0
27314.0,xemeds,126.0
28787.0,Morrison Chang,126.0
31378.0,Drarok,128.0
23447.0,Voldemort's Wrath,132.0
25686.0,Katie Melosto,135.0
28371.0,Remy,136.0
28632.0,andreSmol,136.0
32110.0,PrimeBeat,137.0
42442.0,Elvino Michel,137.0
34574.0,an4s911,138.0
31995.0,Scene,140.0
31384.0,BlueKhakis,140.0
28529.0,The GRAPKE,141.0
13477.0,AhWagih,141.0
22307.0,myckhel,142.0
7672.0,Peter Mortensen,143.0
32678.0,Kley Halisson,143.0
31072.0,Alexander,145.0
11246.0,user1833028,148.0
28806.0,PaulCR,149.0
28035.0,domster,151.0
25708.0,saquiel,153.0
29867.0,FoundABetterName,156.0
29263.0,stleary,161.0
37484.0,DmitryK,161.0
25784.0,smajli,163.0
27752.0,user3671,165.0
29512.0,AWTom,165.0
27659.0,Shrey Tripathi,166.0
15088.0,nvs0000,179.0
1687.0,leanne,185.0
32212.0,Tristan,198.0
23353.0,fwoosh,201.0
32040.0,rush dee,219.0
38661.0,Andreas Wenzel,220.0
26090.0,Rautermann,240.0
32085.0,C--,306.0
26242.0,TLH,312.0
31897.0,juls,359.0
29059.0,Himanshi,401.0
25436.0,Chris,428.0
23026.0,stensal,440.0
25714.0,Shehroz Ali,535.0
9609.0,Ashen Gunaratne,565.0
23988.0,Fuelled_By_Coffee,673.0
33.0,glennholloway,681.0
27355.0,Ojou Nii,731.0
28562.0,Llenk,744.0
14028.0,Ricardo David Antonetti,921.0
31002.0,Sentox,950.0
34912.0,kcw78,987.0
28078.0,Vsjain,1031.0
1861.0,ronga,1415.0
27433.0,Tritum,1581.0
1240.0,Irene,1687.0
39838.0,UpAndAdam,1726.0
31598.0,Robert S. Pratt,1920.0
12172.0,hotwebmatter,3050.0
11300.0,MARS,5179.0
1161.0,kzidane,17771.0
1090.0,curiouskiwi,18823.0
12099.0,Blauelf,20960.0
10074.0,DinoCoderSaurus,28677.0
4847.0,Cliff B,69330.0
