topic,n_threads,mean_cascade_size,max_cascade_size,mean_participants
0,3158,3.653,35.0,2.055
1,1756,2.858,28.0,1.902
2,1498,3.243,54.0,2.139
3,1071,4.94,49.0,3.254
4,774,3.342,25.0,2.133
5,613,3.29,33.0,2.055
6,431,2.872,19.0,1.852
7,627,3.735,35.0,2.533
8,268,3.47,24.0,2.149
9,253,3.087,16.0,1.945
10,375,3.899,22.0,2.445
11,369,3.244,22.0,1.848
12,199,2.613,11.0,1.889
13,440,3.702,30.0,2.236
14,235,2.838,30.0,1.843
15,232,2.944,17.0,1.922
16,228,2.921,22.0,1.838
17,128,2.867,16.0,2.0
18,126,3.008,25.0,1.865
