community,topic,n,share
0,0,1032,0.20907617504051865
0,1,652,0.13209076175040518
0,3,388,0.07860615883306321
0,7,387,0.07840356564019449
0,5,374,0.07576985413290113
1,0,726,0.2428905988624958
1,3,636,0.21278019404483103
1,1,401,0.13415858146537304
1,2,219,0.07326865172298427
1,7,178,0.05955168952827032
2,0,1543,0.5824839562098906
2,2,176,0.06644016610041525
2,1,165,0.0622876557191393
2,4,99,0.03737259343148358
2,5,92,0.03473008682521706
3,0,685,0.30594015185350604
3,2,348,0.15542652970075926
3,1,169,0.07548012505582849
3,11,137,0.0611880303707012
3,4,126,0.0562751228226887
4,3,869,0.47799779977997797
4,7,174,0.09570957095709572
4,1,165,0.09075907590759076
4,2,150,0.08250825082508251
4,0,106,0.058305830583058306
5,1,443,0.23766094420600858
5,4,226,0.12124463519313304
5,0,223,0.11963519313304721
5,2,145,0.07778969957081545
5,3,112,0.060085836909871244
6,2,316,0.3134920634920635
6,3,222,0.22023809523809523
6,1,94,0.09325396825396826
6,0,76,0.07539682539682539
6,7,65,0.06448412698412699
7,2,154,0.21241379310344827
7,3,89,0.12275862068965518
7,0,83,0.11448275862068966
7,1,75,0.10344827586206896
7,4,51,0.0703448275862069
8,0,420,0.40384615384615385
8,2,115,0.11057692307692307
8,1,93,0.08942307692307692
8,4,59,0.05673076923076923
8,7,48,0.046153846153846156
9,3,172,0.1708043694141013
9,0,165,0.16385302879841113
9,1,149,0.14796425024826215
9,2,78,0.07745779543197617
9,7,77,0.07646474677259185
10,1,213,0.21450151057401812
10,4,125,0.12588116817724068
10,2,103,0.10372608257804633
10,0,69,0.06948640483383686
10,5,62,0.06243705941591138
11,1,104,0.203125
11,0,71,0.138671875
11,2,52,0.1015625
11,6,46,0.08984375
11,7,37,0.072265625
12,2,172,0.3474747474747475
12,1,75,0.15151515151515152
12,0,61,0.12323232323232323
12,4,39,0.07878787878787878
12,5,20,0.04040404040404041
13,2,162,0.27364864864864863
13,3,93,0.1570945945945946
13,1,63,0.10641891891891891
13,7,37,0.0625
13,0,35,0.05912162162162162
14,2,77,0.2532894736842105
14,1,47,0.15460526315789475
14,4,27,0.08881578947368421
14,0,26,0.08552631578947369
14,5,20,0.06578947368421052
