year,active_users,edges,interactions,density,reciprocity,avg_clustering,giant_component_share,modularity,n_helpers,help_share_top10pct
2016,341,794,1220,0.0068,0.1259,0.1782,0.9765,0.4087,231,0.6902
2017,732,1141,1477,0.0021,0.0596,0.0871,0.8989,0.641,333,0.759
2018,1196,1982,2670,0.0014,0.0605,0.1152,0.9231,0.6113,446,0.8378
2019,1786,3007,4528,0.0009,0.0885,0.1082,0.8992,0.586,702,0.858
2020,2062,3553,5707,0.0008,0.0912,0.1416,0.9059,0.5517,802,0.8612
2021,1725,2658,4390,0.0009,0.0813,0.13,0.8586,0.5442,590,0.8929
2022,1564,2228,3322,0.0009,0.079,0.0726,0.8299,0.6617,598,0.8408
2023,1701,2524,3627,0.0009,0.0959,0.0888,0.8225,0.655,721,0.8189
2024,1252,1668,2605,0.0011,0.0791,0.0799,0.7796,0.6399,455,0.8545
2025,670,790,1129,0.0018,0.043,0.0627,0.7388,0.6928,265,0.8087
2026,282,317,407,0.004,0.0315,0.0429,0.695,0.683,132,0.688
