topic,period,new_adopters,communities_reached,cumulative_adopters,share_of_final
0,2016Q3,22,3,22,0.009429918559794257
0,2016Q4,24,6,46,0.019717102443206173
0,2017Q1,19,7,65,0.02786112301757394
0,2017Q2,22,7,87,0.0372910415773682
0,2017Q3,35,8,122,0.05229318474067724
0,2017Q4,40,7,162,0.06943849121303043
0,2018Q1,57,13,219,0.09387055293613374
0,2018Q2,47,7,266,0.11401628804114873
0,2018Q3,59,12,325,0.1393056150878697
0,2018Q4,80,9,405,0.17359622803257607
0,2019Q1,94,17,499,0.2138876982426061
0,2019Q2,99,15,598,0.25632233176168023
0,2019Q3,84,15,682,0.29232747535362197
0,2019Q4,93,13,775,0.33219031290184314
0,2020Q1,108,14,883,0.37848264037719676
0,2020Q2,192,18,1075,0.46078011144449205
0,2020Q3,99,14,1174,0.5032147449635662
0,2020Q4,105,14,1279,0.5482211744534934
0,2021Q1,91,18,1370,0.5872267466780968
0,2021Q2,81,13,1451,0.6219459922846121
0,2021Q3,71,18,1522,0.652378911273039
0,2021Q4,47,14,1569,0.672524646378054
0,2022Q1,58,14,1627,0.6973853407629661
0,2022Q2,70,14,1697,0.7273896270895842
0,2022Q3,55,14,1752,0.7509644234890699
0,2022Q4,71,19,1823,0.7813973424774968
0,2023Q1,55,17,1878,0.8049721388769824
0,2023Q2,48,12,1926,0.8255465066438062
0,2023Q3,62,15,1988,0.8521217316759537
0,2023Q4,45,10,2033,0.871410201457351
0,2024Q1,57,14,2090,0.8958422631804543
0,2024Q2,44,14,2134,0.9147021003000428
0,2024Q3,35,12,2169,0.9297042434633519
0,2024Q4,43,11,2212,0.9481354479211316
0,2025Q1,37,10,2249,0.9639948564080583
0,2025Q2,19,5,2268,0.9721388769824261
0,2025Q3,12,4,2280,0.9772824689241321
0,2025Q4,18,6,2298,0.9849978568366909
0,2026Q1,10,5,2308,0.9892841834547793
0,2026Q2,12,3,2320,0.9944277753964852
0,2026Q3,13,4,2333,1.0
1,2016Q3,25,3,25,0.013455328310010764
1,2016Q4,9,4,34,0.01829924650161464
1,2017Q1,12,4,46,0.024757804090419805
1,2017Q2,30,5,76,0.04090419806243272
1,2017Q3,40,7,116,0.062432723358449946
1,2017Q4,48,5,164,0.08826695371367062
1,2018Q1,49,11,213,0.11463939720129171
1,2018Q2,49,12,262,0.14101184068891282
1,2018Q3,59,14,321,0.1727664155005382
1,2018Q4,80,12,401,0.21582346609257266
1,2019Q1,55,14,456,0.24542518837459634
1,2019Q2,88,10,544,0.29278794402583425
1,2019Q3,103,19,647,0.34822389666307857
1,2019Q4,112,20,759,0.4085037674919268
1,2020Q1,111,20,870,0.4682454251883746
1,2020Q2,85,20,955,0.5139935414424112
1,2020Q3,83,16,1038,0.5586652314316469
1,2020Q4,55,15,1093,0.5882669537136707
1,2021Q1,66,14,1159,0.623789020452099
1,2021Q2,63,18,1222,0.6576964477933261
1,2021Q3,51,13,1273,0.6851453175457481
1,2021Q4,45,12,1318,0.7093649085037675
1,2022Q1,42,9,1360,0.7319698600645855
1,2022Q2,54,11,1414,0.7610333692142088
1,2022Q3,56,15,1470,0.7911733046286329
1,2022Q4,43,11,1513,0.8143164693218514
1,2023Q1,53,18,1566,0.8428417653390743
1,2023Q2,42,14,1608,0.8654467168998924
1,2023Q3,36,10,1644,0.8848223896663079
1,2023Q4,36,13,1680,0.9041980624327234
1,2024Q1,38,11,1718,0.9246501614639397
1,2024Q2,28,11,1746,0.9397201291711518
1,2024Q3,26,10,1772,0.9537136706135629
1,2024Q4,22,7,1794,0.9655543595263725
1,2025Q1,14,8,1808,0.9730893433799784
1,2025Q2,13,6,1821,0.9800861141011841
1,2025Q3,8,3,1829,0.9843918191603875
1,2025Q4,9,4,1838,0.9892357373519914
1,2026Q1,12,2,1850,0.9956942949407965
1,2026Q2,5,2,1855,0.9983853606027987
1,2026Q3,3,1,1858,1.0
2,2016Q3,24,2,24,0.014397120575884824
2,2016Q4,21,4,45,0.026994601079784044
2,2017Q1,28,9,73,0.04379124175164967
2,2017Q2,19,6,92,0.055188962207558485
2,2017Q3,22,7,114,0.0683863227354529
2,2017Q4,27,8,141,0.08458308338332333
2,2018Q1,32,8,173,0.10377924415116976
2,2018Q2,18,7,191,0.11457708458308338
2,2018Q3,35,6,226,0.13557288542291543
2,2018Q4,27,9,253,0.15176964607078583
2,2019Q1,52,16,305,0.1829634073185363
2,2019Q2,43,13,348,0.20875824835032994
2,2019Q3,35,9,383,0.22975404919016196
2,2019Q4,41,10,424,0.2543491301739652
2,2020Q1,46,12,470,0.2819436112777445
2,2020Q2,62,16,532,0.3191361727654469
2,2020Q3,61,15,593,0.3557288542291542
2,2020Q4,36,12,629,0.3773245350929814
2,2021Q1,53,15,682,0.4091181763647271
2,2021Q2,32,12,714,0.4283143371325735
2,2021Q3,42,14,756,0.45350929814037194
2,2021Q4,30,12,786,0.471505698860228
2,2022Q1,26,13,812,0.4871025794841032
2,2022Q2,32,9,844,0.5062987402519497
2,2022Q3,30,13,874,0.5242951409718056
2,2022Q4,66,15,940,0.563887222555489
2,2023Q1,118,24,1058,0.6346730653869226
2,2023Q2,108,21,1166,0.6994601079784043
2,2023Q3,83,17,1249,0.749250149970006
2,2023Q4,69,17,1318,0.7906418716256749
2,2024Q1,66,11,1384,0.8302339532093581
2,2024Q2,53,13,1437,0.8620275944811038
2,2024Q3,37,10,1474,0.8842231553689263
2,2024Q4,36,10,1510,0.9058188362327535
2,2025Q1,34,8,1544,0.9262147570485902
2,2025Q2,14,6,1558,0.9346130773845231
2,2025Q3,28,6,1586,0.9514097180563887
2,2025Q4,27,6,1613,0.9676064787042592
2,2026Q1,24,6,1637,0.982003599280144
2,2026Q2,19,4,1656,0.9934013197360528
2,2026Q3,11,3,1667,1.0
3,2016Q3,108,8,108,0.0801781737193764
3,2016Q4,93,7,201,0.1492204899777283
3,2017Q1,60,7,261,0.19376391982182628
3,2017Q2,54,10,315,0.23385300668151449
3,2017Q3,45,6,360,0.267260579064588
3,2017Q4,43,6,403,0.2991833704528582
3,2018Q1,34,7,437,0.3244246473645137
3,2018Q2,46,9,483,0.3585746102449889
3,2018Q3,44,6,527,0.39123979213066074
3,2018Q4,50,12,577,0.42835931700074237
3,2019Q1,51,13,628,0.4662212323682257
3,2019Q2,44,10,672,0.49888641425389757
3,2019Q3,73,14,745,0.5530809205642168
3,2019Q4,67,14,812,0.6028210838901262
3,2020Q1,32,14,844,0.6265775798069785
3,2020Q2,52,13,896,0.6651818856718634
3,2020Q3,36,11,932,0.6919079435783222
3,2020Q4,22,6,954,0.7082405345211581
3,2021Q1,20,5,974,0.7230883444691908
3,2021Q2,21,9,995,0.7386785449146251
3,2021Q3,21,10,1016,0.7542687453600594
3,2021Q4,16,7,1032,0.7661469933184856
3,2022Q1,13,8,1045,0.7757980697847068
3,2022Q2,10,6,1055,0.7832219747587231
3,2022Q3,21,8,1076,0.7988121752041574
3,2022Q4,32,13,1108,0.8225686711210096
3,2023Q1,27,8,1135,0.8426132145508537
3,2023Q2,18,6,1153,0.8559762435040832
3,2023Q3,18,8,1171,0.8693392724573126
3,2023Q4,17,8,1188,0.8819599109131403
3,2024Q1,7,6,1195,0.8871566443949518
3,2024Q2,9,7,1204,0.8938381588715665
3,2024Q3,12,9,1216,0.902746844840386
3,2024Q4,16,5,1232,0.9146250927988122
3,2025Q1,14,5,1246,0.9250185597624351
3,2025Q2,17,7,1263,0.9376391982182628
3,2025Q3,34,7,1297,0.9628804751299184
3,2025Q4,5,3,1302,0.9665924276169265
3,2026Q1,20,2,1322,0.9814402375649591
3,2026Q2,10,5,1332,0.9888641425389755
3,2026Q3,15,3,1347,1.0
4,2016Q3,2,1,2,0.0020512820512820513
4,2016Q4,4,2,6,0.006153846153846154
4,2017Q1,8,3,14,0.014358974358974359
4,2017Q2,5,2,19,0.019487179487179488
4,2017Q3,7,2,26,0.02666666666666667
4,2017Q4,14,5,40,0.041025641025641026
4,2018Q1,7,4,47,0.048205128205128206
4,2018Q2,27,9,74,0.0758974358974359
4,2018Q3,20,9,94,0.09641025641025641
4,2018Q4,23,9,117,0.12
4,2019Q1,31,11,148,0.1517948717948718
4,2019Q2,30,9,178,0.18256410256410258
4,2019Q3,45,10,223,0.2287179487179487
4,2019Q4,46,10,269,0.27589743589743587
4,2020Q1,70,15,339,0.3476923076923077
4,2020Q2,61,13,400,0.41025641025641024
4,2020Q3,42,12,442,0.4533333333333333
4,2020Q4,38,9,480,0.49230769230769234
4,2021Q1,28,7,508,0.521025641025641
4,2021Q2,46,10,554,0.5682051282051283
4,2021Q3,31,12,585,0.6
4,2021Q4,21,6,606,0.6215384615384615
4,2022Q1,25,9,631,0.6471794871794871
4,2022Q2,28,7,659,0.6758974358974359
4,2022Q3,46,12,705,0.7230769230769231
4,2022Q4,33,14,738,0.7569230769230769
4,2023Q1,30,12,768,0.7876923076923077
4,2023Q2,27,8,795,0.8153846153846154
4,2023Q3,25,9,820,0.841025641025641
4,2023Q4,30,8,850,0.8717948717948718
4,2024Q1,15,7,865,0.8871794871794871
4,2024Q2,16,7,881,0.9035897435897436
4,2024Q3,29,9,910,0.9333333333333333
4,2024Q4,17,5,927,0.9507692307692308
4,2025Q1,15,7,942,0.9661538461538461
4,2025Q2,7,5,949,0.9733333333333334
4,2025Q3,4,1,953,0.9774358974358974
4,2025Q4,8,1,961,0.9856410256410256
4,2026Q1,7,2,968,0.9928205128205129
4,2026Q2,6,3,974,0.9989743589743589
4,2026Q3,1,0,975,1.0
5,2016Q3,7,3,7,0.009668508287292817
5,2016Q4,3,3,10,0.013812154696132596
5,2017Q1,8,3,18,0.024861878453038673
5,2017Q2,4,2,22,0.03038674033149171
5,2017Q3,8,3,30,0.04143646408839779
5,2017Q4,2,2,32,0.04419889502762431
5,2018Q1,20,5,52,0.0718232044198895
5,2018Q2,19,6,71,0.09806629834254144
5,2018Q3,16,5,87,0.12016574585635359
5,2018Q4,21,8,108,0.14917127071823205
5,2019Q1,24,7,132,0.18232044198895028
5,2019Q2,22,6,154,0.212707182320442
5,2019Q3,28,8,182,0.2513812154696133
5,2019Q4,30,9,212,0.292817679558011
5,2020Q1,38,12,250,0.3453038674033149
5,2020Q2,38,10,288,0.39779005524861877
5,2020Q3,29,11,317,0.43784530386740333
5,2020Q4,30,10,347,0.47928176795580113
5,2021Q1,41,12,388,0.5359116022099447
5,2021Q2,33,13,421,0.5814917127071824
5,2021Q3,26,10,447,0.6174033149171271
5,2021Q4,19,9,466,0.643646408839779
5,2022Q1,26,9,492,0.6795580110497238
5,2022Q2,19,7,511,0.7058011049723757
5,2022Q3,23,10,534,0.7375690607734806
5,2022Q4,28,13,562,0.7762430939226519
5,2023Q1,24,11,586,0.8093922651933702
5,2023Q2,30,11,616,0.850828729281768
5,2023Q3,15,8,631,0.8715469613259669
5,2023Q4,12,4,643,0.888121546961326
5,2024Q1,21,7,664,0.9171270718232044
5,2024Q2,12,7,676,0.9337016574585635
5,2024Q3,11,4,687,0.9488950276243094
5,2024Q4,10,5,697,0.962707182320442
5,2025Q1,6,3,703,0.9709944751381215
5,2025Q2,2,1,705,0.9737569060773481
5,2025Q3,7,2,712,0.9834254143646409
5,2025Q4,3,2,715,0.9875690607734806
5,2026Q1,3,2,718,0.9917127071823204
5,2026Q2,3,3,721,0.9958563535911602
5,2026Q3,3,2,724,1.0
6,2016Q3,4,1,4,0.0064516129032258064
6,2016Q4,3,1,7,0.01129032258064516
6,2017Q1,5,2,12,0.01935483870967742
6,2017Q2,9,3,21,0.03387096774193549
6,2017Q3,18,6,39,0.06290322580645161
6,2017Q4,14,4,53,0.08548387096774193
6,2018Q1,18,6,71,0.11451612903225807
6,2018Q2,23,5,94,0.15161290322580645
6,2018Q3,21,5,115,0.18548387096774194
6,2018Q4,11,5,126,0.2032258064516129
6,2019Q1,43,9,169,0.2725806451612903
6,2019Q2,41,13,210,0.3387096774193548
6,2019Q3,21,8,231,0.3725806451612903
6,2019Q4,21,6,252,0.4064516129032258
6,2020Q1,38,9,290,0.46774193548387094
6,2020Q2,29,8,319,0.5145161290322581
6,2020Q3,27,9,346,0.5580645161290323
6,2020Q4,12,4,358,0.5774193548387097
6,2021Q1,26,8,384,0.6193548387096774
6,2021Q2,27,10,411,0.6629032258064517
6,2021Q3,14,6,425,0.6854838709677419
6,2021Q4,16,7,441,0.7112903225806452
6,2022Q1,6,5,447,0.7209677419354839
6,2022Q2,17,6,464,0.7483870967741936
6,2022Q3,39,8,503,0.8112903225806452
6,2022Q4,18,8,521,0.8403225806451613
6,2023Q1,10,7,531,0.8564516129032258
6,2023Q2,13,5,544,0.8774193548387097
6,2023Q3,6,5,550,0.8870967741935484
6,2023Q4,8,2,558,0.9
6,2024Q1,13,5,571,0.9209677419354839
6,2024Q2,11,6,582,0.9387096774193548
6,2024Q3,10,4,592,0.9548387096774194
6,2024Q4,6,1,598,0.964516129032258
6,2025Q1,4,2,602,0.9709677419354839
6,2025Q2,4,3,606,0.9774193548387097
6,2025Q3,4,3,610,0.9838709677419355
6,2026Q1,4,3,614,0.9903225806451613
6,2026Q2,3,1,617,0.9951612903225806
6,2026Q3,3,2,620,1.0
7,2016Q3,38,3,38,0.04318181818181818
7,2016Q4,14,6,52,0.05909090909090909
7,2017Q1,26,7,78,0.08863636363636364
7,2017Q2,13,3,91,0.10340909090909091
7,2017Q3,19,4,110,0.125
7,2017Q4,20,6,130,0.14772727272727273
7,2018Q1,17,5,147,0.16704545454545455
7,2018Q2,30,9,177,0.20113636363636364
7,2018Q3,32,10,209,0.2375
7,2018Q4,13,5,222,0.25227272727272726
7,2019Q1,36,10,258,0.29318181818181815
7,2019Q2,27,8,285,0.32386363636363635
7,2019Q3,38,11,323,0.36704545454545456
7,2019Q4,61,13,384,0.43636363636363634
7,2020Q1,50,13,434,0.49318181818181817
7,2020Q2,49,12,483,0.5488636363636363
7,2020Q3,36,15,519,0.5897727272727272
7,2020Q4,32,12,551,0.6261363636363636
7,2021Q1,31,11,582,0.6613636363636364
7,2021Q2,28,10,610,0.6931818181818182
7,2021Q3,23,9,633,0.7193181818181819
7,2021Q4,19,5,652,0.740909090909091
7,2022Q1,13,7,665,0.7556818181818182
7,2022Q2,7,4,672,0.7636363636363637
7,2022Q3,25,8,697,0.7920454545454545
7,2022Q4,17,6,714,0.8113636363636364
7,2023Q1,28,11,742,0.8431818181818181
7,2023Q2,20,7,762,0.865909090909091
7,2023Q3,13,6,775,0.8806818181818182
7,2023Q4,18,8,793,0.9011363636363636
7,2024Q1,12,6,805,0.9147727272727273
7,2024Q2,9,4,814,0.925
7,2024Q3,12,8,826,0.9386363636363636
7,2024Q4,6,4,832,0.9454545454545454
7,2025Q1,8,5,840,0.9545454545454546
7,2025Q2,13,4,853,0.9693181818181819
7,2025Q3,3,2,856,0.9727272727272728
7,2025Q4,8,2,864,0.9818181818181818
7,2026Q1,7,5,871,0.9897727272727272
7,2026Q2,5,3,876,0.9954545454545455
7,2026Q3,4,3,880,1.0
8,2016Q3,14,2,14,0.041916167664670656
8,2016Q4,18,7,32,0.09580838323353294
8,2017Q1,6,2,38,0.11377245508982035
8,2017Q2,4,4,42,0.12574850299401197
8,2017Q3,6,3,48,0.1437125748502994
8,2017Q4,15,6,63,0.18862275449101795
8,2018Q1,14,5,77,0.23053892215568864
8,2018Q2,17,6,94,0.281437125748503
8,2018Q3,10,5,104,0.31137724550898205
8,2018Q4,28,9,132,0.39520958083832336
8,2019Q1,23,11,155,0.46407185628742514
8,2019Q2,13,10,168,0.5029940119760479
8,2019Q3,10,6,178,0.5329341317365269
8,2019Q4,17,8,195,0.5838323353293413
8,2020Q1,14,7,209,0.625748502994012
8,2020Q2,15,11,224,0.6706586826347305
8,2020Q3,10,7,234,0.7005988023952096
8,2020Q4,6,5,240,0.718562874251497
8,2021Q1,6,5,246,0.7365269461077845
8,2021Q2,14,5,260,0.7784431137724551
8,2021Q3,8,4,268,0.8023952095808383
8,2021Q4,6,2,274,0.8203592814371258
8,2022Q1,4,2,278,0.8323353293413174
8,2022Q2,7,4,285,0.8532934131736527
8,2022Q3,3,1,288,0.8622754491017964
8,2022Q4,11,5,299,0.8952095808383234
8,2023Q1,2,2,301,0.9011976047904192
8,2023Q2,5,5,306,0.9161676646706587
8,2023Q3,6,3,312,0.9341317365269461
8,2023Q4,3,2,315,0.9431137724550899
8,2024Q1,3,2,318,0.9520958083832335
8,2024Q2,1,1,319,0.9550898203592815
8,2024Q3,5,3,324,0.9700598802395209
8,2024Q4,1,1,325,0.9730538922155688
8,2025Q1,5,4,330,0.9880239520958084
8,2025Q4,3,1,333,0.9970059880239521
8,2026Q1,1,1,334,1.0
9,2016Q4,6,2,6,0.019672131147540985
9,2017Q1,2,1,8,0.02622950819672131
9,2017Q2,2,2,10,0.03278688524590164
9,2017Q4,2,1,12,0.03934426229508197
9,2018Q1,4,2,16,0.05245901639344262
9,2018Q2,3,1,19,0.06229508196721312
9,2018Q3,6,3,25,0.08196721311475409
9,2018Q4,10,7,35,0.11475409836065574
9,2019Q1,15,6,50,0.16393442622950818
9,2019Q2,16,5,66,0.21639344262295082
9,2019Q3,6,4,72,0.2360655737704918
9,2019Q4,15,5,87,0.28524590163934427
9,2020Q1,13,5,100,0.32786885245901637
9,2020Q2,13,5,113,0.3704918032786885
9,2020Q3,11,7,124,0.4065573770491803
9,2020Q4,15,6,139,0.4557377049180328
9,2021Q1,14,6,153,0.5016393442622951
9,2021Q2,9,3,162,0.5311475409836065
9,2021Q3,9,5,171,0.5606557377049181
9,2021Q4,5,4,176,0.5770491803278689
9,2022Q1,9,5,185,0.6065573770491803
9,2022Q2,14,4,199,0.6524590163934426
9,2022Q3,9,7,208,0.6819672131147541
9,2022Q4,13,8,221,0.7245901639344262
9,2023Q1,13,7,234,0.7672131147540984
9,2023Q2,12,8,246,0.8065573770491803
9,2023Q3,14,6,260,0.8524590163934426
9,2023Q4,4,3,264,0.8655737704918033
9,2024Q1,11,7,275,0.9016393442622951
9,2024Q2,7,4,282,0.9245901639344263
9,2024Q3,6,3,288,0.9442622950819672
9,2024Q4,10,5,298,0.9770491803278688
9,2025Q1,1,1,299,0.980327868852459
9,2025Q2,2,2,301,0.9868852459016394
9,2025Q3,1,1,302,0.9901639344262295
9,2025Q4,1,1,303,0.9934426229508196
9,2026Q3,2,2,305,1.0
10,2016Q3,7,1,7,0.012612612612612612
10,2016Q4,8,3,15,0.02702702702702703
10,2017Q1,2,1,17,0.03063063063063063
10,2017Q2,8,2,25,0.04504504504504504
10,2017Q3,10,4,35,0.06306306306306306
10,2017Q4,9,2,44,0.07927927927927927
10,2018Q1,21,6,65,0.11711711711711711
10,2018Q2,13,4,78,0.14054054054054055
10,2018Q3,20,7,98,0.17657657657657658
10,2018Q4,14,5,112,0.2018018018018018
10,2019Q1,26,8,138,0.24864864864864866
10,2019Q2,16,7,154,0.2774774774774775
10,2019Q3,21,4,175,0.3153153153153153
10,2019Q4,21,9,196,0.35315315315315315
10,2020Q1,27,10,223,0.4018018018018018
10,2020Q2,48,14,271,0.4882882882882883
10,2020Q3,26,10,297,0.5351351351351351
10,2020Q4,32,8,329,0.5927927927927928
10,2021Q1,15,8,344,0.6198198198198198
10,2021Q2,20,8,364,0.6558558558558558
10,2021Q3,18,11,382,0.6882882882882883
10,2021Q4,8,4,390,0.7027027027027027
10,2022Q1,13,6,403,0.7261261261261261
10,2022Q2,13,8,416,0.7495495495495496
10,2022Q3,13,4,429,0.772972972972973
10,2022Q4,14,8,443,0.7981981981981981
10,2023Q1,16,8,459,0.827027027027027
10,2023Q2,8,4,467,0.8414414414414414
10,2023Q3,22,8,489,0.8810810810810811
10,2023Q4,9,5,498,0.8972972972972973
10,2024Q1,6,4,504,0.9081081081081082
10,2024Q2,11,4,515,0.9279279279279279
10,2024Q3,12,6,527,0.9495495495495495
10,2024Q4,12,4,539,0.9711711711711711
10,2025Q1,5,3,544,0.9801801801801802
10,2025Q2,1,1,545,0.9819819819819819
10,2025Q3,4,3,549,0.9891891891891892
10,2025Q4,2,2,551,0.9927927927927928
10,2026Q1,2,1,553,0.9963963963963964
10,2026Q2,2,1,555,1.0
11,2016Q4,3,2,3,0.007246376811594203
11,2017Q1,8,4,11,0.026570048309178744
11,2017Q3,5,4,16,0.03864734299516908
11,2017Q4,5,4,21,0.050724637681159424
11,2018Q1,3,2,24,0.057971014492753624
11,2018Q2,8,3,32,0.07729468599033816
11,2018Q3,11,4,43,0.10386473429951691
11,2018Q4,7,3,50,0.12077294685990338
11,2019Q1,13,5,63,0.15217391304347827
11,2019Q2,9,4,72,0.17391304347826086
11,2019Q3,12,7,84,0.2028985507246377
11,2019Q4,18,9,102,0.2463768115942029
11,2020Q1,15,5,117,0.2826086956521739
11,2020Q2,25,7,142,0.34299516908212563
11,2020Q3,10,6,152,0.3671497584541063
11,2020Q4,16,5,168,0.4057971014492754
11,2021Q1,19,9,187,0.45169082125603865
11,2021Q2,14,5,201,0.4855072463768116
11,2021Q3,12,7,213,0.5144927536231884
11,2021Q4,11,6,224,0.5410628019323671
11,2022Q1,11,5,235,0.5676328502415459
11,2022Q2,11,4,246,0.5942028985507246
11,2022Q3,9,6,255,0.6159420289855072
11,2022Q4,11,7,266,0.642512077294686
11,2023Q1,18,7,284,0.6859903381642513
11,2023Q2,14,8,298,0.7198067632850241
11,2023Q3,17,7,315,0.7608695652173914
11,2023Q4,18,6,333,0.8043478260869565
11,2024Q1,19,6,352,0.8502415458937198
11,2024Q2,11,4,363,0.8768115942028986
11,2024Q3,15,5,378,0.9130434782608695
11,2024Q4,8,4,386,0.9323671497584541
11,2025Q1,13,1,399,0.9637681159420289
11,2025Q2,4,3,403,0.9734299516908212
11,2025Q4,5,1,408,0.9855072463768116
11,2026Q1,4,2,412,0.9951690821256038
11,2026Q2,1,1,413,0.9975845410628019
11,2026Q3,1,1,414,1.0
12,2016Q3,4,2,4,0.01639344262295082
12,2016Q4,9,3,13,0.05327868852459016
12,2017Q1,5,2,18,0.07377049180327869
12,2017Q2,1,0,19,0.0778688524590164
12,2017Q3,16,6,35,0.14344262295081966
12,2017Q4,4,2,39,0.1598360655737705
12,2018Q1,5,2,44,0.18032786885245902
12,2018Q2,10,5,54,0.22131147540983606
12,2018Q3,9,4,63,0.2581967213114754
12,2018Q4,24,6,87,0.35655737704918034
12,2019Q1,9,6,96,0.39344262295081966
12,2019Q2,17,8,113,0.46311475409836067
12,2019Q3,2,2,115,0.4713114754098361
12,2019Q4,11,5,126,0.5163934426229508
12,2020Q1,7,4,133,0.5450819672131147
12,2020Q2,13,4,146,0.5983606557377049
12,2020Q3,8,3,154,0.6311475409836066
12,2020Q4,10,3,164,0.6721311475409836
12,2021Q1,6,3,170,0.6967213114754098
12,2021Q2,3,1,173,0.7090163934426229
12,2021Q3,3,3,176,0.7213114754098361
12,2021Q4,14,7,190,0.7786885245901639
12,2022Q1,4,4,194,0.7950819672131147
12,2022Q2,4,3,198,0.8114754098360656
12,2022Q3,2,1,200,0.819672131147541
12,2022Q4,7,6,207,0.8483606557377049
12,2023Q1,3,2,210,0.860655737704918
12,2023Q2,2,2,212,0.8688524590163934
12,2023Q3,6,4,218,0.8934426229508197
12,2023Q4,8,5,226,0.9262295081967213
12,2024Q1,3,2,229,0.9385245901639344
12,2024Q2,2,1,231,0.9467213114754098
12,2024Q3,1,1,232,0.9508196721311475
12,2024Q4,7,3,239,0.9795081967213115
12,2025Q1,3,3,242,0.9918032786885246
12,2026Q1,1,1,243,0.9959016393442623
12,2026Q3,1,1,244,1.0
13,2016Q3,17,4,17,0.0265210608424337
13,2016Q4,4,2,21,0.0327613104524181
13,2017Q1,3,2,24,0.0374414976599064
13,2017Q2,10,4,34,0.0530421216848674
13,2017Q3,13,4,47,0.07332293291731669
13,2017Q4,17,6,64,0.0998439937597504
13,2018Q1,24,8,88,0.1372854914196568
13,2018Q2,25,8,113,0.17628705148205928
13,2018Q3,24,6,137,0.21372854914196568
13,2018Q4,15,7,152,0.23712948517940718
13,2019Q1,36,12,188,0.29329173166926675
13,2019Q2,36,9,224,0.3494539781591264
13,2019Q3,28,9,252,0.39313572542901715
13,2019Q4,28,7,280,0.43681747269890797
13,2020Q1,33,10,313,0.48829953198127923
13,2020Q2,36,12,349,0.5444617784711389
13,2020Q3,20,9,369,0.5756630265210608
13,2020Q4,26,10,395,0.6162246489859594
13,2021Q1,21,8,416,0.6489859594383776
13,2021Q2,11,5,427,0.6661466458658346
13,2021Q3,22,7,449,0.7004680187207488
13,2021Q4,15,7,464,0.7238689547581904
13,2022Q1,8,4,472,0.7363494539781591
13,2022Q2,26,6,498,0.7769110764430577
13,2022Q3,26,11,524,0.8174726989079563
13,2022Q4,13,3,537,0.8377535101404057
13,2023Q1,12,7,549,0.8564742589703588
13,2023Q2,8,5,557,0.8689547581903276
13,2023Q3,20,9,577,0.9001560062402496
13,2023Q4,9,4,586,0.9141965678627145
13,2024Q1,12,5,598,0.9329173166926678
13,2024Q2,7,5,605,0.9438377535101404
13,2024Q3,6,6,611,0.953198127925117
13,2024Q4,9,5,620,0.9672386895475819
13,2025Q1,6,3,626,0.9765990639625585
13,2025Q2,2,2,628,0.9797191887675507
13,2025Q3,4,2,632,0.9859594383775351
13,2025Q4,2,2,634,0.9890795631825273
13,2026Q1,1,0,635,0.9906396255850234
13,2026Q2,4,1,639,0.9968798751950078
13,2026Q3,2,2,641,1.0
14,2016Q3,5,2,5,0.01567398119122257
14,2017Q2,1,1,6,0.018808777429467086
14,2017Q3,3,2,9,0.02821316614420063
14,2017Q4,6,3,15,0.047021943573667714
14,2018Q1,5,3,20,0.06269592476489028
14,2018Q2,11,5,31,0.09717868338557993
14,2018Q3,6,2,37,0.11598746081504702
14,2018Q4,9,5,46,0.14420062695924765
14,2019Q1,11,5,57,0.1786833855799373
14,2019Q2,8,4,65,0.20376175548589343
14,2019Q3,14,6,79,0.2476489028213166
14,2019Q4,10,5,89,0.27899686520376177
14,2020Q1,10,4,99,0.3103448275862069
14,2020Q2,28,8,127,0.3981191222570533
14,2020Q3,20,5,147,0.4608150470219436
14,2020Q4,14,5,161,0.5047021943573667
14,2021Q1,17,5,178,0.5579937304075235
14,2021Q2,7,3,185,0.5799373040752351
14,2021Q3,9,6,194,0.6081504702194357
14,2021Q4,10,4,204,0.6394984326018809
14,2022Q1,9,2,213,0.6677115987460815
14,2022Q2,8,3,221,0.6927899686520376
14,2022Q3,14,8,235,0.7366771159874608
14,2022Q4,8,6,243,0.7617554858934169
14,2023Q1,6,4,249,0.780564263322884
14,2023Q2,12,6,261,0.8181818181818182
14,2023Q3,2,1,263,0.8244514106583072
14,2023Q4,10,5,273,0.8557993730407524
14,2024Q1,10,5,283,0.8871473354231975
14,2024Q2,5,2,288,0.9028213166144201
14,2024Q3,5,3,293,0.9184952978056427
14,2024Q4,5,3,298,0.9341692789968652
14,2025Q1,5,2,303,0.9498432601880877
14,2025Q2,5,4,308,0.9655172413793104
14,2025Q3,4,2,312,0.9780564263322884
14,2025Q4,5,1,317,0.9937304075235109
14,2026Q2,2,2,319,1.0
15,2016Q3,2,1,2,0.006172839506172839
15,2017Q1,2,1,4,0.012345679012345678
15,2017Q3,1,1,5,0.015432098765432098
15,2017Q4,7,1,12,0.037037037037037035
15,2018Q1,4,2,16,0.04938271604938271
15,2018Q2,9,3,25,0.07716049382716049
15,2018Q3,4,3,29,0.08950617283950617
15,2018Q4,12,5,41,0.12654320987654322
15,2019Q1,5,4,46,0.1419753086419753
15,2019Q2,12,5,58,0.17901234567901234
15,2019Q3,18,7,76,0.2345679012345679
15,2019Q4,24,8,100,0.30864197530864196
15,2020Q1,14,5,114,0.35185185185185186
15,2020Q2,22,7,136,0.41975308641975306
15,2020Q3,10,4,146,0.4506172839506173
15,2020Q4,9,5,155,0.4783950617283951
15,2021Q1,17,8,172,0.5308641975308642
15,2021Q2,12,4,184,0.5679012345679012
15,2021Q3,9,5,193,0.595679012345679
15,2021Q4,9,4,202,0.6234567901234568
15,2022Q1,11,8,213,0.6574074074074074
15,2022Q2,15,6,228,0.7037037037037037
15,2022Q3,16,8,244,0.7530864197530864
15,2022Q4,16,9,260,0.8024691358024691
15,2023Q1,13,8,273,0.8425925925925926
15,2023Q2,1,1,274,0.845679012345679
15,2023Q3,3,3,277,0.8549382716049383
15,2023Q4,12,6,289,0.8919753086419753
15,2024Q1,7,5,296,0.9135802469135802
15,2024Q2,6,3,302,0.9320987654320988
15,2024Q3,8,3,310,0.9567901234567902
15,2024Q4,3,3,313,0.9660493827160493
15,2025Q1,3,2,316,0.9753086419753086
15,2025Q2,2,1,318,0.9814814814814815
15,2025Q3,1,1,319,0.9845679012345679
15,2025Q4,4,3,323,0.9969135802469136
15,2026Q3,1,0,324,1.0
16,2016Q3,9,2,9,0.02727272727272727
16,2016Q4,3,2,12,0.03636363636363636
16,2017Q1,2,2,14,0.04242424242424243
16,2017Q2,4,2,18,0.05454545454545454
16,2017Q3,2,2,20,0.06060606060606061
16,2017Q4,7,3,27,0.08181818181818182
16,2018Q1,6,3,33,0.1
16,2018Q2,15,4,48,0.14545454545454545
16,2018Q3,10,3,58,0.17575757575757575
16,2018Q4,13,5,71,0.21515151515151515
16,2019Q1,6,3,77,0.23333333333333334
16,2019Q2,12,5,89,0.2696969696969697
16,2019Q3,7,5,96,0.2909090909090909
16,2019Q4,25,11,121,0.36666666666666664
16,2020Q1,22,8,143,0.43333333333333335
16,2020Q2,12,5,155,0.4696969696969697
16,2020Q3,11,6,166,0.503030303030303
16,2020Q4,15,6,181,0.5484848484848485
16,2021Q1,13,6,194,0.5878787878787879
16,2021Q2,19,8,213,0.6454545454545455
16,2021Q3,11,5,224,0.6787878787878788
16,2021Q4,6,4,230,0.696969696969697
16,2022Q1,7,5,237,0.7181818181818181
16,2022Q2,10,5,247,0.7484848484848485
16,2022Q3,12,6,259,0.7848484848484848
16,2022Q4,7,5,266,0.806060606060606
16,2023Q1,11,4,277,0.8393939393939394
16,2023Q2,6,3,283,0.8575757575757575
16,2023Q3,3,2,286,0.8666666666666667
16,2023Q4,3,2,289,0.8757575757575757
16,2024Q1,12,3,301,0.9121212121212121
16,2024Q2,5,3,306,0.9272727272727272
16,2024Q3,5,2,311,0.9424242424242424
16,2024Q4,5,2,316,0.9575757575757575
16,2025Q1,5,2,321,0.9727272727272728
16,2025Q3,1,1,322,0.9757575757575757
16,2025Q4,1,1,323,0.9787878787878788
16,2026Q1,7,2,330,1.0
17,2016Q3,4,1,4,0.018957345971563982
17,2016Q4,4,2,8,0.037914691943127965
17,2017Q1,10,1,18,0.08530805687203792
17,2017Q3,2,1,20,0.0947867298578199
17,2017Q4,9,4,29,0.13744075829383887
17,2018Q1,6,3,35,0.16587677725118483
17,2018Q2,7,2,42,0.1990521327014218
17,2018Q3,7,4,49,0.23222748815165878
17,2018Q4,7,5,56,0.26540284360189575
17,2019Q1,9,5,65,0.3080568720379147
17,2019Q2,10,7,75,0.35545023696682465
17,2019Q3,2,1,77,0.36492890995260663
17,2019Q4,21,6,98,0.46445497630331756
17,2020Q1,10,7,108,0.5118483412322274
17,2020Q2,7,4,115,0.5450236966824644
17,2020Q3,10,8,125,0.5924170616113744
17,2020Q4,4,3,129,0.6113744075829384
17,2021Q1,3,3,132,0.6255924170616114
17,2021Q2,11,6,143,0.6777251184834123
17,2021Q3,5,3,148,0.7014218009478673
17,2021Q4,3,2,151,0.7156398104265402
17,2022Q1,5,3,156,0.7393364928909952
17,2022Q2,2,1,158,0.7488151658767772
17,2022Q4,7,4,165,0.7819905213270142
17,2023Q1,4,3,169,0.8009478672985783
17,2023Q2,4,2,173,0.8199052132701422
17,2023Q3,11,4,184,0.8720379146919431
17,2023Q4,2,1,186,0.8815165876777251
17,2024Q1,4,2,190,0.9004739336492891
17,2024Q2,4,2,194,0.919431279620853
17,2024Q3,2,1,196,0.9289099526066351
17,2024Q4,4,2,200,0.9478672985781991
17,2025Q1,3,3,203,0.9620853080568721
17,2025Q2,1,1,204,0.966824644549763
17,2025Q3,1,1,205,0.9715639810426541
17,2025Q4,2,1,207,0.981042654028436
17,2026Q1,2,1,209,0.990521327014218
17,2026Q2,2,2,211,1.0
18,2016Q3,3,1,3,0.019736842105263157
18,2017Q3,5,1,8,0.05263157894736842
18,2017Q4,1,1,9,0.05921052631578947
18,2018Q1,5,2,14,0.09210526315789473
18,2018Q3,5,2,19,0.125
18,2019Q1,2,2,21,0.13815789473684212
18,2019Q2,5,3,26,0.17105263157894737
18,2019Q3,4,3,30,0.19736842105263158
18,2019Q4,7,5,37,0.24342105263157895
18,2020Q1,7,5,44,0.2894736842105263
18,2020Q2,11,2,55,0.3618421052631579
18,2020Q3,5,3,60,0.39473684210526316
18,2020Q4,5,4,65,0.4276315789473684
18,2021Q1,5,4,70,0.4605263157894737
18,2021Q2,9,5,79,0.5197368421052632
18,2021Q3,5,3,84,0.5526315789473685
18,2021Q4,9,3,93,0.6118421052631579
18,2022Q1,10,2,103,0.6776315789473685
18,2022Q2,5,4,108,0.7105263157894737
18,2022Q3,3,1,111,0.7302631578947368
18,2022Q4,6,5,117,0.7697368421052632
18,2023Q1,8,6,125,0.8223684210526315
18,2023Q2,4,3,129,0.8486842105263158
18,2023Q3,6,3,135,0.8881578947368421
18,2023Q4,1,1,136,0.8947368421052632
18,2024Q1,2,2,138,0.9078947368421053
18,2024Q2,2,2,140,0.9210526315789473
18,2024Q4,7,5,147,0.9671052631578947
18,2025Q1,1,1,148,0.9736842105263158
18,2025Q2,1,1,149,0.9802631578947368
18,2025Q4,1,1,150,0.9868421052631579
18,2026Q1,1,1,151,0.993421052631579
18,2026Q3,1,1,152,1.0
